{
    "filename": "case-6669b85f.h5",
    "num_qubits": 5,
    "uuid": "6669b85f-1f0b-4ce3-8286-b4666f68ed8f",
    "pauli_hamil": {
        "offset": -2.520703780935772,
        "normalization": 0.12164237455706785,
        "coeffs": [
            0.5611841549089378,
            -0.3628679577324869,
            0.8289173790518825,
            -0.3514004757578608,
            0.06514009550730182,
            0.9478352847945855,
            -0.8975307628926439,
            -0.3844009491268934,
            0.41413727400480904,
            0.13863228222527546,
            0.6697344804699199,
            -0.8614886124548695,
            0.5731467661634853,
            0.05443657997267648,
            0.7355144386275716,
            -0.37445196697179073
        ],
        "paulis": [
            [
                3,
                1,
                0,
                0,
                2
            ],
            [
                2,
                1,
                1,
                3,
                0
            ],
            [
                2,
                0,
                1,
                1,
                0
            ],
            [
                3,
                3,
                3,
                1,
                1
            ],
            [
                0,
                3,
                1,
                2,
                1
            ],
            [
                0,
                0,
                0,
                3,
                1
            ],
            [
                1,
                1,
                1,
                3,
                2
            ],
            [
                3,
                1,
                0,
                2,
                3
            ],
            [
                1,
                0,
                0,
                3,
                2
            ],
            [
                2,
                1,
                2,
                2,
                0
            ],
            [
                2,
                2,
                2,
                0,
                0
            ],
            [
                0,
                0,
                3,
                2,
                0
            ],
            [
                1,
                0,
                2,
                3,
                3
            ],
            [
                0,
                1,
                1,
                1,
                1
            ],
            [
                0,
                3,
                2,
                0,
                0
            ],
            [
                3,
                0,
                1,
                3,
                1
            ]
        ],
        "eigs": [
            -3.9090140559911672,
            -3.582024174170673,
            -3.391366287110424,
            -3.2636413798268196,
            -2.9980345985526475,
            -2.570813485974621,
            -2.27970299978795,
            -2.1873985072629964,
            -1.9011106651247964,
            -1.8563089441776766,
            -1.5941347630827445,
            -1.0029831049169573,
            -0.9766510992589778,
            -0.7468803221867877,
            -0.40238132828036155,
            -0.26295975702355456,
            0.3275685816097182,
            0.4993167305067637,
            0.7314080629888606,
            0.9124454873880903,
            0.9729518722887033,
            1.5084473147293729,
            1.8087826245595842,
            1.9327418710444602,
            2.178026394027688,
            2.34472611109557,
            2.574198076015589,
            3.0024276908110425,
            3.233764785255018,
            3.386029714831059,
            3.581986855775005,
            3.930583299802599
        ]
    },
    "multidet": {
        "coeffs": [
            [
                0.004266884174945713,
                0.43672164501251065
            ],
            [
                0.8316425370835169,
                0.2279089146509631
            ],
            [
                0.25628783421981405,
                0.0008727220822313728
            ]
        ],
        "indices": [
            18,
            6,
            23
        ]
    },
    "time_series": {
        "times": [
            30.0,
            18.0,
            22.0,
            31.0,
            21.0,
            4.0,
            23.0,
            4.0
        ],
        "values": [
            [
                0.12518097361769823,
                -0.10170409677999773
            ],
            [
                0.17670425340124754,
                -0.017778613702941905
            ],
            [
                -0.2884917311702638,
                -0.04210083472168025
            ],
            [
                0.11701076895595565,
                -0.10895444476284752
            ],
            [
                -0.20747966038006477,
                -0.040093232106182985
            ],
            [
                0.3388401889521972,
                0.020876330290626258
            ],
            [
                -0.3218496848447874,
                -0.04402145588914208
            ],
            [
                0.3388401889521972,
                0.020876330290626258
            ]
        ]
    }
}