{
    "filename": "case-a658fc9d.h5",
    "num_qubits": 2,
    "uuid": "a658fc9d-6e1e-41c8-9a94-cc6c92f06c00",
    "pauli_hamil": {
        "offset": -7.333240224826677,
        "normalization": 1.6541818434427857,
        "coeffs": [
            -0.6045284585633814
        ],
        "paulis": [
            [
                0,
                2
            ]
        ],
        "eigs": [
            -0.6045284585633814,
            -0.6045284585633814,
            0.604528458563381,
            0.604528458563381
        ]
    },
    "multidet": {
        "coeffs": [
            [
                0.17438724979188452,
                0.6047442562272993
            ],
            [
                0.4168895351822701,
                0.0682475277092503
            ],
            [
                0.38318303877330107,
                0.5278158967705103
            ]
        ],
        "indices": [
            0,
            1,
            2
        ]
    },
    "time_series": {
        "times": [
            6.0,
            9.0,
            2.0,
            4.0,
            6.0,
            6.0,
            0.0,
            1.0,
            3.0,
            9.0
        ],
        "values": [
            [
                0.9601702866503661,
                0.0780594019492889
            ],
            [
                -0.9111302618846772,
                -0.11513220525554238
            ],
            [
                -0.41614683654714224,
                -0.25402747445851176
            ],
            [
                -0.6536436208636118,
                0.21142545978393934
            ],
            [
                0.9601702866503661,
                0.0780594019492889
            ],
            [
                0.9601702866503661,
                0.0780594019492889
            ],
            [
                0.9999999999999998,
                0.0
            ],
            [
                0.5403023058681395,
                -0.23507902122530175
            ],
            [
                -0.9899924966004454,
                -0.03942423918228605
            ],
            [
                -0.9111302618846772,
                -0.11513220525554238
            ]
        ]
    }
}