{
    "filename": "case-63706bf1.h5",
    "num_qubits": 4,
    "uuid": "63706bf1-e935-431e-9f3c-9d2b848fe96a",
    "pauli_hamil": {
        "offset": 6.837118482207571,
        "normalization": 0.34865997601511667,
        "coeffs": [
            0.020738225384760556,
            -0.2028383866968,
            0.041279161540160425,
            0.08682005233801426,
            0.5338969750132965,
            0.8204801526895233,
            -0.3190023470843959,
            0.5163972128571939,
            0.27038370100828013,
            -0.05628765618323994
        ],
        "paulis": [
            [
                0,
                1,
                2,
                2
            ],
            [
                3,
                0,
                1,
                1
            ],
            [
                0,
                0,
                1,
                0
            ],
            [
                1,
                1,
                0,
                3
            ],
            [
                2,
                2,
                3,
                3
            ],
            [
                1,
                3,
                2,
                1
            ],
            [
                0,
                1,
                1,
                3
            ],
            [
                1,
                0,
                2,
                3
            ],
            [
                1,
                3,
                0,
                3
            ],
            [
                2,
                2,
                1,
                2
            ]
        ],
        "eigs": [
            -1.798423456849007,
            -1.7376034477552755,
            -1.4992889222539298,
            -1.4202679044489885,
            -0.6938549992272641,
            -0.6199135489199286,
            -0.3940318802169978,
            -0.3006907667182943,
            0.3006907667182944,
            0.39403188021699764,
            0.6199135489199282,
            0.6938549992272636,
            1.420267904448988,
            1.4992889222539325,
            1.7376034477552786,
            1.798423456849008
        ]
    },
    "multidet": {
        "coeffs": [
            [
                0.9103399541119452,
                0.4138612907091716
            ]
        ],
        "indices": [
            12
        ]
    },
    "time_series": {
        "times": [
            0.0
        ],
        "values": [
            [
                1.0,
                0.0
            ]
        ]
    }
}