{
    "filename": "case-ee9cda11.h5",
    "num_qubits": 6,
    "uuid": "ee9cda11-8cdf-4434-9b09-54005a284940",
    "pauli_hamil": {
        "offset": -8.520592885341003,
        "normalization": 1.3741151479058076,
        "coeffs": [
            0.7277410495940095
        ],
        "paulis": [
            [
                3,
                1,
                0,
                1,
                1,
                1
            ]
        ],
        "eigs": [
            -0.7277410495940095,
            -0.7277410495940095,
            -0.7277410495940095,
            -0.7277410495940095,
            -0.7277410495940095,
            -0.7277410495940095,
            -0.7277410495940095,
            -0.7277410495940095,
            -0.7277410495940095,
            -0.7277410495940095,
            -0.7277410495940095,
            -0.7277410495940095,
            -0.7277410495940095,
            -0.7277410495940095,
            -0.7277410495940095,
            -0.7277410495940095,
            -0.7277410495940095,
            -0.7277410495940095,
            -0.7277410495940095,
            -0.7277410495940095,
            -0.7277410495940095,
            -0.7277410495940095,
            -0.7277410495940095,
            -0.7277410495940095,
            -0.7277410495940095,
            -0.7277410495940095,
            -0.7277410495940095,
            -0.7277410495940095,
            -0.7277410495940095,
            -0.7277410495940095,
            -0.7277410495940095,
            -0.7277410495940095,
            0.7277410495940092,
            0.7277410495940092,
            0.7277410495940092,
            0.7277410495940092,
            0.7277410495940092,
            0.7277410495940092,
            0.7277410495940092,
            0.7277410495940092,
            0.7277410495940092,
            0.7277410495940092,
            0.7277410495940092,
            0.7277410495940092,
            0.7277410495940092,
            0.7277410495940092,
            0.7277410495940092,
            0.7277410495940092,
            0.7277410495940092,
            0.7277410495940092,
            0.7277410495940092,
            0.7277410495940092,
            0.7277410495940092,
            0.7277410495940092,
            0.7277410495940092,
            0.7277410495940092,
            0.7277410495940092,
            0.7277410495940092,
            0.7277410495940092,
            0.7277410495940092,
            0.7277410495940092,
            0.7277410495940092,
            0.7277410495940092,
            0.7277410495940092
        ]
    },
    "multidet": {
        "coeffs": [
            [
                0.6425192927453558,
                0.14311512896403694
            ],
            [
                0.6084917064780465,
                0.05449788685222211
            ],
            [
                0.2095591721245434,
                0.3867037563383218
            ]
        ],
        "indices": [
            57,
            50,
            21
        ]
    },
    "time_series": {
        "times": [
            3.0,
            7.0,
            9.0,
            0.0,
            5.0,
            0.0,
            5.0,
            6.0,
            1.0,
            3.0
        ],
        "values": [
            [
                -0.9899924966004454,
                -2.7755575615628914e-17
            ],
            [
                0.7539022543433045,
                0.0
            ],
            [
                -0.9111302618846773,
                -5.551115123125783e-17
            ],
            [
                1.0000000000000002,
                0.0
            ],
            [
                0.2836621854632261,
                0.0
            ],
            [
                1.0000000000000002,
                0.0
            ],
            [
                0.2836621854632261,
                0.0
            ],
            [
                0.9601702866503661,
                5.551115123125783e-17
            ],
            [
                0.5403023058681397,
                0.0
            ],
            [
                -0.9899924966004454,
                -2.7755575615628914e-17
            ]
        ]
    }
}