{
    "filename": "case-a32faf13.h5",
    "num_qubits": 5,
    "uuid": "a32faf13-7232-4016-9cd7-68166ef11c39",
    "pauli_hamil": {
        "offset": 1.7793640604372718,
        "normalization": 1.4308661299157526,
        "coeffs": [
            -0.6988773995641917
        ],
        "paulis": [
            [
                0,
                1,
                0,
                1,
                0
            ]
        ],
        "eigs": [
            -0.6988773995641917,
            -0.6988773995641917,
            -0.6988773995641917,
            -0.6988773995641917,
            -0.6988773995641917,
            -0.6988773995641917,
            -0.6988773995641917,
            -0.6988773995641917,
            -0.6988773995641917,
            -0.6988773995641917,
            -0.6988773995641917,
            -0.6988773995641917,
            -0.6988773995641917,
            -0.6988773995641917,
            -0.6988773995641917,
            -0.6988773995641917,
            0.6988773995641913,
            0.6988773995641913,
            0.6988773995641913,
            0.6988773995641913,
            0.6988773995641913,
            0.6988773995641913,
            0.6988773995641913,
            0.6988773995641913,
            0.6988773995641913,
            0.6988773995641913,
            0.6988773995641913,
            0.6988773995641913,
            0.6988773995641913,
            0.6988773995641913,
            0.6988773995641913,
            0.6988773995641913
        ]
    },
    "multidet": {
        "coeffs": [
            [
                0.9898559125650322,
                0.14207488293166826
            ]
        ],
        "indices": [
            19
        ]
    },
    "time_series": {
        "times": [
            1.0
        ],
        "values": [
            [
                0.5403023058681397,
                -1.3877787807814457e-17
            ]
        ]
    }
}