{
    "filename": "case-67c0f535.h5",
    "num_qubits": 5,
    "uuid": "67c0f535-90e4-4924-b955-1b3d89924e28",
    "pauli_hamil": {
        "offset": -4.746136984338154,
        "normalization": 0.02292037821989291,
        "coeffs": [
            0.1103203379535207,
            0.5332913252840759,
            -0.6751476612746714,
            0.8993267727217169,
            -0.060611378820542905,
            -0.21962379725890013,
            -0.6479859315515126,
            0.06347275834701605,
            -0.06682266576365392,
            -0.3209335911828688,
            0.8927742494976574,
            0.5231054048089825,
            0.8499169294560416,
            0.5582324430237129,
            0.2855885621905463,
            0.22948075767204767,
            0.2201100660899975,
            0.13953145295915093,
            0.7381044890383566,
            -0.8844708841676889,
            -0.832389268250666,
            0.5947089473335521,
            -0.42074185808347253,
            -0.18507896808318214,
            -0.10669100248639163,
            -0.6899455710039288,
            -0.6831748743444583,
            0.047065249368209106,
            -0.5711966811146449,
            0.997042968888799,
            -0.5342977178147192,
            -0.10602426815939126,
            0.5023753054390665,
            -0.5941732724728168,
            -0.6231089695332317,
            -0.3657123851925874,
            -0.46211627518394893,
            0.1486481621373832,
            -0.8840084264855188,
            0.023276118788433164,
            0.12058805177081733,
            -0.2672803940658235,
            0.224672575805136,
            0.22521202873208934,
            0.061149423857317364,
            0.8147006665035963,
            0.7264997003494824,
            -0.5632693167824243,
            0.019737591664314103,
            0.2389824381280019,
            -0.9706559906475638,
            0.8229135971633852,
            0.229448442344248,
            0.49443921878072716,
            -0.48623325441320886,
            -0.2499908684640657,
            0.20122126421487807,
            0.12899496867495852,
            -0.22517556260459393,
            -0.8923647281127352,
            -0.8056459517377408,
            -0.1666771400877305,
            -0.11680720968184644,
            0.9355458245009971,
            -0.4957306130957726,
            -0.5720595977671139,
            0.2169719459436148,
            0.5410791657178542,
            -0.6079887600478764,
            0.3230764247914699,
            -0.4272028736204343,
            0.984261002986955,
            -0.035877936697253254,
            -0.3206474707770255,
            -0.8037260911829518,
            -0.14306843751914444,
            0.13066706413493256,
            0.5485134147124799,
            0.20290988804670906,
            0.3084938077564159,
            -0.8224117624352609,
            0.951277493684924,
            0.04851389013327534,
            0.09919540979279384,
            0.6645894782838717,
            -0.5995311561682855,
            -0.44971489004691945,
            0.5816686060349252,
            0.40508819143246955,
            0.028756864338978172,
            -0.8151308860073156,
            -0.5537728140674114,
            -0.05423924536075564,
            0.7881221688997382,
            -0.513495544079345,
            0.7197573842480514,
            -0.2890393658768613,
            0.06680527183112894,
            0.21353038020732984,
            0.023548236617920937
        ],
        "paulis": [
            [
                3,
                0,
                0,
                1,
                1
            ],
            [
                0,
                0,
                1,
                0,
                0
            ],
            [
                3,
                1,
                2,
                3,
                2
            ],
            [
                3,
                3,
                3,
                2,
                1
            ],
            [
                1,
                0,
                0,
                3,
                0
            ],
            [
                1,
                1,
                2,
                0,
                1
            ],
            [
                1,
                2,
                1,
                1,
                3
            ],
            [
                3,
                1,
                3,
                0,
                3
            ],
            [
                2,
                0,
                0,
                2,
                2
            ],
            [
                1,
                1,
                2,
                1,
                2
            ],
            [
                1,
                3,
                3,
                1,
                1
            ],
            [
                3,
                0,
                1,
                1,
                3
            ],
            [
                3,
                2,
                0,
                1,
                3
            ],
            [
                2,
                2,
                1,
                2,
                2
            ],
            [
                1,
                1,
                0,
                1,
                1
            ],
            [
                0,
                3,
                1,
                3,
                3
            ],
            [
                1,
                1,
                0,
                2,
                2
            ],
            [
                2,
                2,
                1,
                1,
                3
            ],
            [
                2,
                0,
                1,
                1,
                3
            ],
            [
                2,
                3,
                3,
                2,
                3
            ],
            [
                0,
                0,
                2,
                0,
                1
            ],
            [
                2,
                0,
                3,
                2,
                3
            ],
            [
                3,
                0,
                1,
                3,
                2
            ],
            [
                0,
                1,
                0,
                2,
                1
            ],
            [
                2,
                2,
                3,
                0,
                0
            ],
            [
                0,
                1,
                2,
                2,
                2
            ],
            [
                3,
                0,
                2,
                2,
                2
            ],
            [
                0,
                1,
                2,
                3,
                1
            ],
            [
                0,
                2,
                3,
                1,
                0
            ],
            [
                3,
                3,
                2,
                2,
                1
            ],
            [
                0,
                1,
                2,
                1,
                3
            ],
            [
                3,
                1,
                2,
                2,
                1
            ],
            [
                0,
                0,
                2,
                1,
                2
            ],
            [
                3,
                2,
                2,
                0,
                0
            ],
            [
                1,
                2,
                3,
                1,
                1
            ],
            [
                2,
                0,
                2,
                2,
                3
            ],
            [
