{
    "filename": "case-025afa77.h5",
    "num_qubits": 9,
    "uuid": "025afa77-2011-4def-be08-52889613a69a",
    "pauli_hamil": {
        "offset": -1.228145661662437,
        "normalization": 34.90026636422273,
        "coeffs": [
            0.028653076442566316
        ],
        "paulis": [
            [
                1,
                3,
                2,
                0,
                2,
                0,
                3,
                1,
                1
            ]
        ],
        "eigs": [
            -0.028653076442566316,
            -0.028653076442566316,
            -0.028653076442566316,
            -0.028653076442566316,
            -0.028653076442566316,
            -0.028653076442566316,
            -0.028653076442566316,
            -0.028653076442566316,
            -0.028653076442566316,
            -0.028653076442566316,
            -0.028653076442566316,
            -0.028653076442566316,
            -0.028653076442566316,
            -0.028653076442566316,
            -0.028653076442566316,
            -0.028653076442566316,
            -0.028653076442566316,
            -0.028653076442566316,
            -0.028653076442566316,
            -0.028653076442566316,
            -0.028653076442566316,
            -0.028653076442566316,
            -0.028653076442566316,
            -0.028653076442566316,
            -0.028653076442566316,
            -0.028653076442566316,
            -0.028653076442566316,
            -0.028653076442566316,
            -0.028653076442566316,
            -0.028653076442566316,
            -0.028653076442566316,
            -0.028653076442566316,
            -0.028653076442566316,
            -0.028653076442566316,
            -0.028653076442566316,
            -0.028653076442566316,
            -0.028653076442566316,
            -0.028653076442566316,
            -0.028653076442566316,
            -0.028653076442566316,
            -0.028653076442566316,
            -0.028653076442566316,
            -0.028653076442566316,
            -0.028653076442566316,
            -0.028653076442566316,
            -0.028653076442566316,
            -0.028653076442566316,
            -0.028653076442566316,
            -0.028653076442566316,
            -0.028653076442566316,
            -0.028653076442566316,
            -0.028653076442566316,
            -0.028653076442566316,
            -0.028653076442566316,
            -0.028653076442566316,
            -0.028653076442566316,
            -0.028653076442566316,
            -0.028653076442566316,
            -0.028653076442566316,
            -0.028653076442566316,
            -0.028653076442566316,
            -0.028653076442566316,
            -0.028653076442566316,
            -0.028653076442566316,
            -0.028653076442566316,
            -0.028653076442566316,
            -0.028653076442566316,
            -0.028653076442566316,
            -0.028653076442566316,
            -0.028653076442566316,
            -0.028653076442566316,
            -0.028653076442566316,
            -0.028653076442566316,
            -0.028653076442566316,
            -0.028653076442566316,
            -0.028653076442566316,
            -0.028653076442566316,
            -0.028653076442566316,
            -0.028653076442566316,
            -0.028653076442566316,
            -0.028653076442566316,
            -0.028653076442566316,
            -0.028653076442566316,
            -0.028653076442566316,
            -0.028653076442566316,
            -0.028653076442566316,
            -0.028653076442566316,
            -0.028653076442566316,
            -0.028653076442566316,
            -0.028653076442566316,
            -0.028653076442566316,
            -0.028653076442566316,
            -0.028653076442566316,
            -0.028653076442566316,
            -0.028653076442566316,
            -0.028653076442566316,
            -0.028653076442566316,
            -0.028653076442566316,
            -0.028653076442566316,
            -0.028653076442566316,
            -0.028653076442566316,
            -0.028653076442566316,
            -0.028653076442566316,
            -0.028653076442566316,
            -0.028653076442566316,
            -0.028653076442566316,
            -0.028653076442566316,
            -0.028653076442566316,
            -0.028653076442566316,
            -0.028653076442566316,
            -0.028653076442566316,
            -0.028653076442566316,
            -0.028653076442566316,
            -0.028653076442566316,
            -0.028653076442566316,
            -0.028653076442566316,
            -0.028653076442566316,
            -0.028653076442566316,
            -0.028653076442566316,
            -0.028653076442566316,
            -0.028653076442566316,
            -0.028653076442566316,
            -0.028653076442566316,
            -0.028653076442566316,
            -0.028653076442566316,
            -0.028653076442566316,
            -0.028653076442566316,
            -0.028653076442566316,
            -0.02865307644256631,
            -0.02865307644256631,
            -0.02865307644256631,
            -0.02865307644256631,
            -0.02865307644256631,
            -0.02865307644256631,
            -0.02865307644256631,
            -0.02865307644256631,
            -0.02865307644256631,
            -0.02865307644256631,
            -0.02865307644256631,
            -0.02865307644256631,
            -0.02865307644256631,
            -0.02865307644256631,
            -0.02865307644256631,
            -0.02865307644256631,
            -0.02865307644256631,
            -0.02865307644256631,
            -0.02865307644256631,
            -0.02865307644256631,
            -0.02865307644256631,
            -0.02865307644256631,
            -0.02865307644256631,
            -0.02865307644256631,
            -0.02865307644256631,
            -0.02865307644256631,
            -0.02865307644256631,
            -0.02865307644256631,
            -0.02865307644256631,
            -0.02865307644256631,
            -0.02865307644256631,
            -0.02865307644256631,
            -0.02865307644256631,
            -0.02865307644256631,
            -0.02865307644256631,
            -0.02865307644256631,
            -0.02865307644256631,
            -0.02865307644256631,
            -0.02865307644256631,
            -0.02865307644256631,
            -0.02865307644256631,
            -0.02865307644256631,
            -0.02865307644256631,
            -0.02865307644256631,
            -0.02865307644256631,
            -0.02865307644256631,
            -0.02865307644256631,
            -0.02865307644256631,
            -0.02865307644256631,
            -0.02865307644256631,
            -0.02865307644256631,
            -0.02865307644256631,
            -0.02865307644256631,
            -0.02865307644256631,
            -0.02865307644256631,
            -0.02865307644256631,
            -0.02865307644256631,
            -0.02865307644256631,
            -0.02865307644256631,
            -0.02865307644256631,
            -0.02865307644256631,
            -0.02865307644256631,
            -0.02865307644256631,
            -0.02865307644256631,
            -0.02865307644256631,
            -0.02865307644256631,
            -0.02865307644256631,
            -0.02865307644256631,
            -0.02865307644256631,
            -0.02865307644256631,
            -0.02865307644256631,
            -0.02865307644256631,
            -0.02865307644256631,
            -0.02865307644256631,
            -0.02865307644256631,
            -0.02865307644256631,
            -0.02865307644256631,
            -0.02865307644256631,
            -0.02865307644256631,
            -0.02865307644256631,
            -0.02865307644256631,
            -0.02865307644256631,
            -0.02865307644256631,
            -0.02865307644256631,
            -0.02865307644256631,
            -0.02865307644256631,
            -0.02865307644256631,
            -0.02865307644256631,
