{
    "filename": "case-f3839631.h5",
    "num_qubits": 8,
    "uuid": "f3839631-8684-47cf-aca6-5be0d1c3f62b",
    "pauli_hamil": {
        "offset": 8.723835260571773,
        "normalization": 2.433569980479009,
        "coeffs": [
            -0.41091894131730133
        ],
        "paulis": [
            [
                0,
                0,
                3,
                2,
                2,
                0,
                0,
                0
            ]
        ],
        "eigs": [
            -0.41091894131730133,
            -0.41091894131730133,
            -0.41091894131730133,
            -0.41091894131730133,
            -0.41091894131730133,
            -0.41091894131730133,
            -0.41091894131730133,
            -0.41091894131730133,
            -0.41091894131730133,
            -0.41091894131730133,
            -0.41091894131730133,
            -0.41091894131730133,
            -0.41091894131730133,
            -0.41091894131730133,
            -0.41091894131730133,
            -0.41091894131730133,
            -0.41091894131730133,
            -0.41091894131730133,
            -0.41091894131730133,
            -0.41091894131730133,
            -0.41091894131730133,
            -0.41091894131730133,
            -0.41091894131730133,
            -0.41091894131730133,
            -0.41091894131730133,
            -0.41091894131730133,
            -0.41091894131730133,
            -0.41091894131730133,
            -0.41091894131730133,
            -0.41091894131730133,
            -0.41091894131730133,
            -0.41091894131730133,
            -0.41091894131730133,
            -0.41091894131730133,
            -0.41091894131730133,
            -0.41091894131730133,
            -0.41091894131730133,
            -0.41091894131730133,
            -0.41091894131730133,
            -0.41091894131730133,
            -0.41091894131730133,
            -0.41091894131730133,
            -0.41091894131730133,
            -0.41091894131730133,
            -0.41091894131730133,
            -0.41091894131730133,
            -0.41091894131730133,
            -0.41091894131730133,
            -0.41091894131730133,
            -0.41091894131730133,
            -0.41091894131730133,
            -0.41091894131730133,
            -0.41091894131730133,
            -0.41091894131730133,
            -0.41091894131730133,
            -0.41091894131730133,
            -0.41091894131730133,
            -0.41091894131730133,
            -0.41091894131730133,
            -0.41091894131730133,
            -0.41091894131730133,
            -0.41091894131730133,
            -0.41091894131730133,
            -0.41091894131730133,
            -0.41091894131730133,
            -0.41091894131730133,
            -0.41091894131730133,
            -0.41091894131730133,
            -0.41091894131730133,
            -0.41091894131730133,
            -0.41091894131730133,
            -0.41091894131730133,
            -0.41091894131730133,
            -0.41091894131730133,
            -0.41091894131730133,
            -0.41091894131730133,
            -0.41091894131730133,
            -0.41091894131730133,
            -0.41091894131730133,
            -0.41091894131730133,
            -0.41091894131730133,
            -0.41091894131730133,
            -0.41091894131730133,
            -0.41091894131730133,
            -0.41091894131730133,
            -0.41091894131730133,
            -0.41091894131730133,
            -0.41091894131730133,
            -0.41091894131730133,
            -0.41091894131730133,
            -0.41091894131730133,
            -0.41091894131730133,
            -0.41091894131730133,
            -0.41091894131730133,
            -0.41091894131730133,
            -0.41091894131730133,
            -0.41091894131730133,
            -0.41091894131730133,
            -0.41091894131730133,
            -0.41091894131730133,
            -0.41091894131730133,
            -0.41091894131730133,
            -0.41091894131730133,
            -0.41091894131730133,
            -0.41091894131730133,
            -0.41091894131730133,
            -0.41091894131730133,
            -0.41091894131730133,
            -0.41091894131730133,
            -0.41091894131730133,
            -0.41091894131730133,
            -0.41091894131730133,
            -0.41091894131730133,
            -0.41091894131730133,
            -0.41091894131730133,
            -0.41091894131730133,
            -0.41091894131730133,
            -0.41091894131730133,
            -0.41091894131730133,
            -0.41091894131730133,
            -0.41091894131730133,
            -0.41091894131730133,
            -0.41091894131730133,
            -0.41091894131730133,
            -0.41091894131730133,
            -0.41091894131730133,
            -0.41091894131730133,
            -0.41091894131730133,
            0.4109189413173014,
            0.4109189413173014,
            0.4109189413173014,
            0.4109189413173014,
            0.4109189413173014,
            0.4109189413173014,
            0.4109189413173014,
            0.4109189413173014,
            0.4109189413173014,
            0.4109189413173014,
            0.4109189413173014,
            0.4109189413173014,
            0.4109189413173014,
            0.4109189413173014,
            0.4109189413173014,
            0.4109189413173014,
            0.4109189413173014,
            0.4109189413173014,
            0.4109189413173014,
            0.4109189413173014,
            0.4109189413173014,
            0.4109189413173014,
            0.4109189413173014,
            0.4109189413173014,
            0.4109189413173014,
            0.4109189413173014,
            0.4109189413173014,
            0.4109189413173014,
            0.4109189413173014,
            0.4109189413173014,
            0.4109189413173014,
            0.4109189413173014,
            0.4109189413173014,
            0.4109189413173014,
            0.4109189413173014,
            0.4109189413173014,
            0.4109189413173014,
            0.4109189413173014,
            0.4109189413173014,
            0.4109189413173014,
            0.4109189413173014,
            0.4109189413173014,
            0.4109189413173014,
            0.4109189413173014,
            0.4109189413173014,
            0.4109189413173014,
            0.4109189413173014,
            0.4109189413173014,
            0.4109189413173014,
            0.4109189413173014,
            0.4109189413173014,
            0.4109189413173014,
            0.4109189413173014,
            0.4109189413173014,
            0.4109189413173014,
            0.4109189413173014,
            0.4109189413173014,
            0.4109189413173014,
            0.4109189413173014,
            0.4109189413173014,
            0.4109189413173014,
            0.4109189413173014,
            0.4109189413173014,
            0.4109189413173014,
            0.4109189413173014,
            0.4109189413173014,
            0.4109189413173014,
            0.4109189413173014,
            0.4109189413173014,
            0.4109189413173014,
            0.4109189413173014,
            0.4109189413173014,
            0.4109189413173014,
            0.4109189413173014,
            0.4109189413173014,
            0.4109189413173014,
            0.4109189413173014,
            0.4109189413173014,
            0.4109189413173014,
            0.4109189413173014,
            0.4109189413173014,
            0.4109189413173014,
            0.4109189413173014,
            0.4109189413173014,
            0.4109189413173014,
            0.4109189413173014,
            0.4109189413173014,
            0.4109189413173014,
            0.4109189413173014,
            0.4109189413173014,
            0.4109189413173014,
            0.4109189413173014,
            0.4109189413173014,
            0.4109189413173014,
            0.4109189413173014,
            0.4109189413173014,
            0.4109189413173014,
            0.4109189413173014,
