{
    "filename": "case-3816a89c.h5",
    "num_qubits": 7,
    "uuid": "3816a89c-bf95-40da-9808-05e0ac6a2fed",
    "pauli_hamil": {
        "offset": 5.853046687032838,
        "normalization": 0.8463337145082247,
        "coeffs": [
            0.8072309176986212,
            0.06013843030629218,
            0.31419766611441124
        ],
        "paulis": [
            [
                1,
                0,
                0,
                1,
                1,
                3,
                0
            ],
            [
                1,
                2,
                2,
                1,
                3,
                3,
                2
            ],
            [
                2,
                0,
                1,
                1,
                0,
                3,
                2
            ]
        ],
        "eigs": [
            -0.8898029374934954,
            -0.8898029374934948,
            -0.8898029374934946,
            -0.8898029374934942,
            -0.8898029374934939,
            -0.8898029374934938,
            -0.8898029374934937,
            -0.8898029374934937,
            -0.8898029374934937,
            -0.8898029374934935,
            -0.8898029374934935,
            -0.8898029374934934,
            -0.8898029374934933,
            -0.8898029374934933,
            -0.8898029374934932,
            -0.8898029374934932,
            -0.889802937493493,
            -0.889802937493493,
            -0.889802937493493,
            -0.889802937493493,
            -0.8898029374934928,
            -0.8898029374934928,
            -0.8898029374934927,
            -0.8898029374934927,
            -0.8898029374934927,
            -0.8898029374934926,
            -0.8898029374934925,
            -0.8898029374934923,
            -0.8898029374934919,
            -0.8898029374934916,
            -0.8898029374934915,
            -0.8898029374934906,
            -0.8462670085664262,
            -0.8462670085664257,
            -0.8462670085664254,
            -0.8462670085664254,
            -0.8462670085664252,
            -0.8462670085664249,
            -0.8462670085664248,
            -0.8462670085664248,
            -0.8462670085664247,
            -0.8462670085664246,
            -0.8462670085664245,
            -0.8462670085664245,
            -0.8462670085664243,
            -0.8462670085664243,
            -0.8462670085664243,
            -0.8462670085664242,
            -0.8462670085664241,
            -0.8462670085664239,
            -0.8462670085664239,
            -0.8462670085664239,
            -0.8462670085664239,
            -0.8462670085664238,
            -0.8462670085664238,
            -0.8462670085664237,
            -0.8462670085664237,
            -0.8462670085664237,
            -0.8462670085664236,
            -0.8462670085664236,
            -0.8462670085664235,
            -0.8462670085664235,
            -0.846267008566423,
            -0.8462670085664227,
            0.8462670085664229,
            0.8462670085664232,
            0.8462670085664236,
            0.8462670085664236,
            0.8462670085664236,
            0.8462670085664236,
            0.8462670085664237,
            0.8462670085664237,
            0.8462670085664238,
            0.8462670085664238,
            0.8462670085664239,
            0.8462670085664239,
            0.8462670085664239,
            0.846267008566424,
            0.846267008566424,
            0.8462670085664241,
            0.8462670085664241,
            0.8462670085664242,
            0.8462670085664242,
            0.8462670085664242,
            0.8462670085664243,
            0.8462670085664243,
            0.8462670085664243,
            0.8462670085664243,
            0.8462670085664245,
            0.8462670085664246,
            0.8462670085664247,
            0.8462670085664247,
            0.8462670085664247,
            0.8462670085664248,
            0.8462670085664251,
            0.8462670085664258,
            0.8898029374934888,
            0.88980293749349,
            0.889802937493491,
            0.8898029374934916,
            0.889802937493492,
            0.889802937493492,
            0.8898029374934922,
            0.8898029374934923,
            0.8898029374934923,
            0.8898029374934924,
            0.8898029374934924,
            0.8898029374934924,
            0.8898029374934925,
            0.8898029374934927,
            0.8898029374934928,
            0.8898029374934928,
            0.8898029374934928,
            0.8898029374934929,
            0.8898029374934929,
            0.889802937493493,
            0.889802937493493,
            0.8898029374934932,
            0.8898029374934934,
            0.8898029374934934,
            0.8898029374934934,
            0.8898029374934934,
            0.8898029374934934,
            0.8898029374934934,
            0.8898029374934934,
            0.8898029374934935,
            0.8898029374934937,
            0.8898029374934942
        ]
    },
    "multidet": {
        "coeffs": [
            [
                0.17454372589345796,
                0.36507369599400596
            ],
            [
                0.6937771513927576,
                0.11337934645015875
            ],
            [
                0.44800778018386156,
                0.3759828468735242
            ]
        ],
        "indices": [
            81,
            77,
            54
        ]
    },
    "time_series": {
        "times": [
            9.0,
            6.0,
            12.0,
            4.0,
            1.0,
            12.0,
            14.0,
            15.0,
            13.0,
            10.0,
            9.0,
            15.0,
            7.0,
            11.0,
            0.0,
            6.0
        ],
        "values": [
            [
                0.9335016547297853,
                -5.551115123125783e-17
            ],
            [
                -0.2979915335228671,
                -1.3877787807814457e-17
            ],
            [
                -0.8002520577462943,
                0.0
            ],
            [
                -0.9768071497416981,
                0.0
            ],
            [
                0.7419413208118938,
                0.0
            ],
            [
                -0.8002520577462943,
                0.0
            ],
            [
                -0.6306483682431043,
                0.0
            ],
            [
                0.023216717107049263,
                -8.673617379884035e-19
            ],
            [
                -0.9638001465542217,
                0.0
            ],
            [
                0.4777774480282204,
                2.7755575615628914e-17
            ],
            [
                0.9335016547297853,
                -5.551115123125783e-17
            ],
            [
                0.023216717107049263,
                -8.673617379884035e-19
            ],
            [
                0.4135370134419154,
                0.0
            ],
            [
                -0.22058195305915101,
                0.0
            ],
            [
                1.0,
                0.0
            ],
            [
                -0.2979915335228671,
                -1.3877787807814457e-17
            ]
        ]
    }
}