{
    "filename": "case-97cebd01.h5",
    "num_qubits": 3,
    "uuid": "97cebd01-b9a6-4234-9032-2ef88b567685",
    "pauli_hamil": {
        "offset": -4.113893940954554,
        "normalization": 1.7080739730981827,
        "coeffs": [
            0.5854547377629988
        ],
        "paulis": [
            [
                3,
                3,
                1
            ]
        ],
        "eigs": [
            -0.5854547377629988,
            -0.5854547377629988,
            -0.5854547377629988,
            -0.5854547377629988,
            0.585454737762999,
            0.585454737762999,
            0.585454737762999,
            0.585454737762999
        ]
    },
    "multidet": {
        "coeffs": [
            [
                0.5094344812697469,
                0.08262225363183597
            ],
            [
                0.5938383006332129,
                0.3147759675535267
            ],
            [
                0.09037913547242658,
                0.523214915040919
            ]
        ],
        "indices": [
            0,
            3,
            6
        ]
    },
    "time_series": {
        "times": [
            8.0,
            8.0,
            1.0,
            0.0,
            4.0,
            9.0,
            0.0,
            0.0,
            7.0,
            8.0
        ],
        "values": [
            [
                -0.14550003380861348,
                0.0
            ],
            [
                -0.14550003380861348,
                0.0
            ],
            [
                0.5403023058681395,
                0.0
            ],
            [
                0.9999999999999998,
                0.0
            ],
            [
                -0.6536436208636119,
                0.0
            ],
            [
                -0.9111302618846773,
                0.0
            ],
            [
                0.9999999999999998,
                0.0
            ],
            [
                0.9999999999999998,
                0.0
            ],
            [
                0.7539022543433043,
                0.0
            ],
            [
                -0.14550003380861348,
                0.0
            ]
        ]
    }
}