{
    "filename": "case-070d034c.h5",
    "num_qubits": 4,
    "uuid": "070d034c-e5f2-4b9c-ade2-3d6f214e0c91",
    "pauli_hamil": {
        "offset": -3.496716302939562,
        "normalization": 0.264436352978926,
        "coeffs": [
            -0.7478559530898707,
            0.2469551542403352,
            0.36549664000835413,
            -0.7479573797775001,
            0.10636992840690018,
            0.7268130692817618,
            0.8401801904205073
        ],
        "paulis": [
            [
                0,
                0,
                2,
                1
            ],
            [
                2,
                0,
                0,
                1
            ],
            [
                2,
                2,
                0,
                3
            ],
            [
                0,
                2,
                0,
                3
            ],
            [
                2,
                1,
                2,
                1
            ],
            [
                1,
                2,
                0,
                3
            ],
            [
                1,
                3,
                0,
                3
            ]
        ],
        "eigs": [
            -2.109801224542214,
            -2.002183870033436,
            -1.991703180342436,
            -1.9751569499548838,
            -1.0916510662162853,
            -1.064624146137733,
            -1.01036272157023,
            -0.8922646773704517,
            0.8922646773704549,
            1.010362721570232,
            1.0646241461377326,
            1.0916510662162855,
            1.975156949954884,
            1.991703180342437,
            2.0021838700334333,
            2.1098012245422106
        ]
    },
    "multidet": {
        "coeffs": [
            [
                0.5341174149564636,
                0.3979190111175082
            ],
            [
                0.11764436174067178,
                0.2529810441273362
            ],
            [
                0.2904912627839492,
                0.035293749127015786
            ],
            [
                0.5587325814192079,
                0.047882465690772306
            ],
            [
                0.04956705862033256,
                0.27563907424898315
            ]
        ],
        "indices": [
            0,
            2,
            5,
            12,
            15
        ]
    },
    "time_series": {
        "times": [
            8.0,
            49.0,
            49.0,
            28.0,
            8.0,
            24.0,
            48.0,
            24.0,
            43.0,
            0.0,
            40.0,
            52.0,
            56.0,
            17.0,
            24.0,
            21.0
        ],
        "values": [
            [
                -0.5111637273071246,
                0.19179746964862288
            ],
            [
                0.3935928700656218,
                0.09984672364583821
            ],
            [
                0.3935928700656218,
                0.09984672364583821
            ],
            [
                -0.3548193223469901,
                0.024648758590573694
            ],
            [
                -0.5111637273071246,
                0.19179746964862288
            ],
            [
                0.8949547873676117,
                0.09775252802024925
            ],
            [
                0.6273335812769772,
                0.15939868168603805
            ],
            [
                0.8949547873676117,
                0.09775252802024925
            ],
            [
                0.00631843052297059,
                -0.006023041596364215
            ],
            [
                0.9999999999999999,
                0.0
            ],
            [
                -0.27857967860410204,
                -0.25458981106925965
            ],
            [
                -0.5272031070660619,
                -0.026091944719499327
            ],
            [
                -0.37593351759189375,
                0.07301486475760441
            ],
            [
                -0.49446863994873774,
                -0.2066690407508094
            ],
            [
                0.8949547873676117,
                0.09775252802024925
            ],
            [
                0.47862194806492353,
                0.07214680491328512
            ]
        ]
    }
}