{
    "filename": "case-eb538c79.h5",
    "num_qubits": 5,
    "uuid": "eb538c79-42f4-45f2-9713-b23faccd46d0",
    "pauli_hamil": {
        "offset": -3.2085613518989757,
        "normalization": 0.991915383687139,
        "coeffs": [
            0.5155026572773003,
            -0.24829106044966442,
            0.24435679233248098
        ],
        "paulis": [
            [
                0,
                2,
                3,
                2,
                0
            ],
            [
                1,
                3,
                1,
                2,
                1
            ],
            [
                1,
                0,
                0,
                1,
                1
            ]
        ],
        "eigs": [
            -0.8019296011485046,
            -0.8019296011485041,
            -0.8019296011485038,
            -0.8019296011485038,
            -0.8019296011485036,
            -0.8019296011485035,
            -0.8019296011485031,
            -0.8019296011485029,
            -0.36209429633480134,
            -0.362094296334801,
            -0.36209429633480095,
            -0.36209429633480095,
            -0.3620942963348009,
            -0.36209429633480056,
            -0.36209429633480034,
            -0.3620942963348002,
            0.3620942963348002,
            0.3620942963348003,
            0.3620942963348005,
            0.36209429633480056,
            0.36209429633480056,
            0.36209429633480067,
            0.3620942963348007,
            0.36209429633480134,
            0.8019296011485024,
            0.8019296011485025,
            0.8019296011485026,
            0.8019296011485028,
            0.801929601148504,
            0.8019296011485045,
            0.8019296011485048,
            0.8019296011485051
        ]
    },
    "multidet": {
        "coeffs": [
            [
                0.7267530563720298,
                0.1806667129031495
            ],
            [
                0.5683294541902302,
                0.26880549192232717
            ],
            [
                0.07690252417705157,
                0.19498916557109805
            ]
        ],
        "indices": [
            8,
            25,
            31
        ]
    },
    "time_series": {
        "times": [
            8.0,
            6.0,
            2.0,
            7.0,
            4.0,
            12.0,
            5.0,
            13.0,
            13.0,
            8.0,
            0.0,
            11.0,
            10.0,
            14.0,
            8.0,
            2.0
        ],
        "values": [
            [
                0.26691465761384536,
                6.938893903907228e-18
            ],
            [
                -0.16744612500175649,
                1.3877787807814457e-17
            ],
            [
                0.2676032399783706,
                0.0
            ],
            [
                0.17273458812670156,
                6.938893903907228e-18
            ],
            [
                -0.5775370995925029,
                -2.7755575615628914e-17
            ],
            [
                -0.7690100117883168,
                -2.7755575615628914e-17
            ],
            [
                -0.5041288009049318,
                0.0
            ],
            [
                -0.3984066089605296,
                -1.3877787807814457e-17
            ],
            [
                -0.3984066089605296,
                -1.3877787807814457e-17
            ],
            [
                0.26691465761384536,
                6.938893903907228e-18
            ],
            [
                1.0,
                0.0
            ],
            [
                -0.7470160035800262,
                -2.7755575615628914e-17
            ],
            [
                -0.39809800123885,
                -2.7755575615628914e-17
            ],
            [
                0.20367056319751128,
                -1.3877787807814457e-17
            ],
            [
                0.26691465761384536,
                6.938893903907228e-18
            ],
            [
                0.2676032399783706,
                0.0
            ]
        ]
    }
}