{
    "filename": "case-d9f603dc.h5",
    "num_qubits": 3,
    "uuid": "d9f603dc-8f14-44be-bef5-d83a227111b7",
    "pauli_hamil": {
        "offset": 1.3252000602201717,
        "normalization": 0.18535286939814546,
        "coeffs": [
            0.6460496287465773,
            0.16592672890812166,
            0.9032752473284982,
            -0.18683327171698894,
            -0.1831583147645166,
            0.5783013729192401,
            0.7121011868252445,
            -0.9655073296643972,
            0.21017605978419795,
            -0.8437856112587871
        ],
        "paulis": [
            [
                0,
                3,
                1
            ],
            [
                3,
                0,
                3
            ],
            [
                0,
                1,
                0
            ],
            [
                1,
                1,
                3
            ],
            [
                0,
                3,
                0
            ],
            [
                2,
                1,
                3
            ],
            [
                1,
                0,
                0
            ],
            [
                3,
                2,
                1
            ],
            [
                2,
                3,
                1
            ],
            [
                1,
                1,
                1
            ]
        ],
        "eigs": [
            -2.985034786113591,
            -2.155483243062566,
            -1.3600818902162684,
            -0.34287190336126105,
            0.5185970132175699,
            1.1510650708998549,
            2.1560998095726593,
            3.017709929063596
        ]
    },
    "multidet": {
        "coeffs": [
            [
                0.10829151569467549,
                0.33381061068324236
            ],
            [
                0.0491404033073481,
                0.613936375763244
            ],
            [
                0.5658022023514031,
                0.4211634349223786
            ]
        ],
        "indices": [
            4,
            5,
            6
        ]
    },
    "time_series": {
        "times": [
            20.0,
            20.0,
            21.0,
            10.0,
            11.0,
            37.0,
            48.0,
            9.0,
            57.0,
            41.0,
            20.0,
            30.0,
            21.0,
            46.0,
            31.0,
            52.0
        ],
        "values": [
            [
                0.034388984404388145,
                0.20998526895650677
            ],
            [
                0.034388984404388145,
                0.20998526895650677
            ],
            [
                0.1062083815523586,
                0.18845581225173902
            ],
            [
                0.006692632963131523,
                -0.1878350570486769
            ],
            [
                0.14137110050078458,
                -0.14716183510071795
            ],
            [
                -0.5619078116038274,
                0.09177582595822481
            ],
            [
                0.2950481476006601,
                0.05615661629589812
            ],
            [
                -0.15768250474958195,
                -0.19507745122499864
            ],
            [
                0.05437318731674978,
                -0.2425849086247423
            ],
            [
                -0.7141112878082816,
                -0.1258803748734033
            ],
            [
                0.034388984404388145,
                0.20998526895650677
            ],
            [
                0.047134548007567445,
                -0.370453034185485
            ],
            [
                0.1062083815523586,
                0.18845581225173902
            ],
            [
                0.47268459303947896,
                0.012886918972467375
            ],
            [
                0.19856444329261733,
                -0.31975380938522324
            ],
            [
                -0.2509704482417639,
                -0.14682585794673964
            ]
        ]
    }
}