{
    "filename": "case-23d7cd5d.h5",
    "num_qubits": 5,
    "uuid": "23d7cd5d-2580-4c73-a185-bdab93a94417",
    "pauli_hamil": {
        "offset": 3.7421530472846234,
        "normalization": 2.8335367279379895,
        "coeffs": [
            -0.35291584193712433
        ],
        "paulis": [
            [
                2,
                0,
                1,
                3,
                0
            ]
        ],
        "eigs": [
            -0.35291584193712433,
            -0.35291584193712433,
            -0.35291584193712433,
            -0.35291584193712433,
            -0.35291584193712433,
            -0.35291584193712433,
            -0.35291584193712433,
            -0.35291584193712433,
            -0.35291584193712433,
            -0.35291584193712433,
            -0.35291584193712433,
            -0.35291584193712433,
            -0.35291584193712433,
            -0.35291584193712433,
            -0.35291584193712433,
            -0.35291584193712433,
            0.3529158419371241,
            0.3529158419371241,
            0.3529158419371241,
            0.3529158419371241,
            0.3529158419371241,
            0.3529158419371241,
            0.3529158419371241,
            0.3529158419371241,
            0.3529158419371241,
            0.3529158419371241,
            0.3529158419371241,
            0.3529158419371241,
            0.3529158419371241,
            0.3529158419371241,
            0.3529158419371241,
            0.3529158419371241
        ]
    },
    "multidet": {
        "coeffs": [
            [
                0.5578770636982887,
                0.18755848538632047
            ],
            [
                0.01704427805787791,
                0.20024916157657427
            ],
            [
                0.5127345297718893,
                0.5918682828230697
            ]
        ],
        "indices": [
            25,
            20,
            15
        ]
    },
    "time_series": {
        "times": [
            2.0,
            6.0,
            1.0,
            4.0,
            6.0,
            7.0,
            7.0,
            3.0,
            2.0,
            9.0
        ],
        "values": [
            [
                -0.41614683654714224,
                0.0
            ],
            [
                0.9601702866503661,
                0.0
            ],
            [
                0.5403023058681395,
                0.0
            ],
            [
                -0.6536436208636118,
                0.0
            ],
            [
                0.9601702866503661,
                0.0
            ],
            [
                0.7539022543433044,
                -5.551115123125783e-17
            ],
            [
                0.7539022543433044,
                -5.551115123125783e-17
            ],
            [
                -0.9899924966004454,
                -5.551115123125783e-17
            ],
            [
                -0.41614683654714224,
                0.0
            ],
            [
                -0.9111302618846772,
                0.0
            ]
        ]
    }
}