{
    "filename": "case-913ab0ea.h5",
    "num_qubits": 4,
    "uuid": "913ab0ea-c923-4400-a93f-ee5332c18de4",
    "pauli_hamil": {
        "offset": 8.2855258805119,
        "normalization": 0.019550997565523535,
        "coeffs": [
            -0.44547409026860274,
            -0.6645595425631268,
            0.03400649450741211,
            -0.7127448404180294,
            0.5735782436315349,
            -0.8642972669011952,
            0.1507879151508702,
            -0.05867870842947309,
            0.9227183613683203,
            -0.2527398754269352,
            -0.7459611383361846,
            0.42727394153594056,
            0.5377668583860098,
            -0.6970523968929649,
            -0.28805654447891405,
            -0.03670030877698105,
            0.851620618229531,
            0.7126923293745704,
            -0.35729924977216343,
            0.40860722064819077,
            -0.7872949363080779,
            -0.16426546096770167,
            0.7534120913467837,
            0.7497358760514772,
            -0.9360348959041593,
            -0.5729605691030617,
            -0.37466262610709133,
            -0.561416425137544,
            0.2953285110371857,
            0.9023269512587468,
            0.953561117790451,
            -0.6841189617356884,
            -0.12119995454160204,
            0.6114724783611578,
            -0.001955821436911531,
            -0.6628548001985473,
            -0.1887645562395588,
            0.3592725118095208,
            0.668545013715198,
            -0.39815430243468675,
            0.03481122257491176,
            -0.8968426685390214,
            -0.6715599422024245,
            -0.19821533192054486,
            -0.40410650136170645,
            0.1658101586088021,
            -0.8342654971474084,
            -0.4279012375414559,
            -0.6791348718662931,
            -0.4317551487204758,
            -0.6899650657178027,
            -0.22422401979875972,
            0.7672766691928492,
            -0.9263659250340657,
            -0.28932151056999533,
            0.5554401884317655,
            -0.4088225089301294,
            -0.8107016556695923,
            -0.920737140716438,
            0.1911192496178198,
            -0.02050766776761348,
            0.3083387919883511,
            0.02039966289047679,
            -0.46435921504080424,
            -0.7444819135183751,
            -0.05324833836166909,
            -0.39054196206665437,
            -0.9521752852058036,
            -0.08821407149070115,
            0.710722041335567,
            -0.7552406547294794,
            0.20588682864364571,
            -0.587974718656648,
            0.1540123263126576,
            -0.09950863469406834,
            -0.9971126119457903,
            0.8445356477963941,
            0.7092419861144741,
            0.3670061532493516,
            0.5263747169420079,
            -0.07759523417488312,
            0.3356433770917304,
            -0.8973479468495735,
            -0.787140211573176,
            0.47076069636791806,
            -0.24447898681357705,
            -0.17036222667781464,
            0.1968559223914903,
            0.7541521514204932,
            -0.7408753603846909,
            0.9559669446258929,
            -0.13574263690533273,
            0.900039681921994,
            0.4315130076553697,
            0.1387031163849215,
            -0.9510822765376834,
            0.9558276263360677,
            -0.4970201162532697,
            0.5516789189122069,
            0.937285240591057
        ],
        "paulis": [
            [
                3,
                2,
                1,
                3
            ],
            [
                2,
                3,
                3,
                1
            ],
            [
                3,
                1,
                0,
                1
            ],
            [
                0,
                0,
                3,
                1
            ],
            [
                3,
                3,
                2,
                1
            ],
            [
                0,
                3,
                3,
                0
            ],
            [
                1,
                1,
                2,
                3
            ],
            [
                3,
                3,
                1,
                2
            ],
            [
                1,
                2,
                1,
                3
            ],
            [
                2,
                2,
                1,
                0
            ],
            [
                3,
                3,
                3,
                2
            ],
            [
                0,
                1,
                3,
                2
            ],
            [
                0,
                2,
                2,
                1
            ],
            [
                0,
                2,
                3,
                0
            ],
            [
                3,
                2,
                3,
                1
            ],
            [
                2,
                2,
                0,
                1
            ],
            [
                1,
                0,
                2,
                2
            ],
            [
                3,
                1,
                2,
                2
            ],
            [
                3,
                0,
                2,
                0
            ],
            [
                1,
                1,
                0,
                1
            ],
            [
                3,
                2,
                3,
                3
            ],
            [
                0,
                2,
                0,
                3
            ],
            [
                2,
                0,
                2,
                0
            ],
            [
                3,
                1,
                3,
                3
            ],
            [
                1,
                1,
                3,
                2
            ],
            [
                3,
                0,
                2,
                2
            ],
            [
                3,
                3,
                0,
                1
            ],
            [
                0,
                3,
                1,
                0
            ],
            [
                1,
                3,
                1,
                1
            ],
            [
                2,
                0,
                3,
                1
            ],
            [
                2,
                3,
                1,
                3
            ],
            [
                1,
                2,
                1,
                0
            ],
            [
                1,
                3,
                3,
                1
            ],
            [
                2,
                1,
                0,
                2
            ],
            [
                2,
                3,
                2,
                1
            ],
            [
                0,
                0,
                3,
                3
            ],
            [
                1,
                3,
                1,
                3
            ],
            [
                2,
                1,
                3,
                0
            ],
            [
                1,
                2,
                2,
                1
            ],
            [
                3,
                1,
                1,
                1
            ],
            [
                1,
                3,
                3,
                3
            ],
            [
                2,
                2,
                3,
                0
            ],
            [
                2,
                1,
                1,
