{
    "filename": "case-0a66ae1d.h5",
    "num_qubits": 2,
    "uuid": "0a66ae1d-c363-4628-9708-96eed71443c2",
    "pauli_hamil": {
        "offset": -2.226536830607362,
        "normalization": 0.18275683433339032,
        "coeffs": [
            -0.8466451760065072,
            0.7467353122388429,
            0.9441262978115024,
            0.8342173313477952,
            0.9438173123526608,
            0.7480268644081032,
            -0.04684764426794197,
            -0.13745573110433984,
            0.029338434588466633,
            0.1945414921822486
        ],
        "paulis": [
            [
                2,
                1
            ],
            [
                3,
                1
            ],
            [
                1,
                1
            ],
            [
                0,
                3
            ],
            [
                3,
                0
            ],
            [
                2,
                3
            ],
            [
                0,
                2
            ],
            [
                3,
                3
            ],
            [
                1,
                0
            ],
            [
                3,
                2
            ]
        ],
        "eigs": [
            -2.714210884406241,
            -1.1550904054720166,
            1.128281342470681,
            2.7410199474075783
        ]
    },
    "multidet": {
        "coeffs": [
            [
                0.5513243158769167,
                0.834291015607174
            ]
        ],
        "indices": [
            3
        ]
    },
    "time_series": {
        "times": [
            1.0
        ],
        "values": [
            [
                0.8943651049364956,
                0.336888194154383
            ]
        ]
    }
}