{
    "filename": "case-1b3a75d5.h5",
    "num_qubits": 7,
    "uuid": "1b3a75d5-9a8c-4003-b7a3-a1fc74d712f9",
    "pauli_hamil": {
        "offset": -7.987183282080167,
        "normalization": 43.32611580024788,
        "coeffs": [
            -0.023080767373895972
        ],
        "paulis": [
            [
                3,
                3,
                3,
                0,
                0,
                0,
                1
            ]
        ],
        "eigs": [
            -0.023080767373895972,
            -0.023080767373895972,
            -0.023080767373895972,
            -0.023080767373895972,
            -0.023080767373895972,
            -0.023080767373895972,
            -0.023080767373895972,
            -0.023080767373895972,
            -0.023080767373895972,
            -0.023080767373895972,
            -0.023080767373895972,
            -0.023080767373895972,
            -0.023080767373895972,
            -0.023080767373895972,
            -0.023080767373895972,
            -0.023080767373895972,
            -0.023080767373895972,
            -0.023080767373895972,
            -0.023080767373895972,
            -0.023080767373895972,
            -0.023080767373895972,
            -0.023080767373895972,
            -0.023080767373895972,
            -0.023080767373895972,
            -0.023080767373895972,
            -0.023080767373895972,
            -0.023080767373895972,
            -0.023080767373895972,
            -0.023080767373895972,
            -0.023080767373895972,
            -0.023080767373895972,
            -0.023080767373895972,
            -0.023080767373895972,
            -0.023080767373895972,
            -0.023080767373895972,
            -0.023080767373895972,
            -0.023080767373895972,
            -0.023080767373895972,
            -0.023080767373895972,
            -0.023080767373895972,
            -0.023080767373895972,
            -0.023080767373895972,
            -0.023080767373895972,
            -0.023080767373895972,
            -0.023080767373895972,
            -0.023080767373895972,
            -0.023080767373895972,
            -0.023080767373895972,
            -0.023080767373895972,
            -0.023080767373895972,
            -0.023080767373895972,
            -0.023080767373895972,
            -0.023080767373895972,
            -0.023080767373895972,
            -0.023080767373895972,
            -0.023080767373895972,
            -0.023080767373895972,
            -0.023080767373895972,
            -0.023080767373895972,
            -0.023080767373895972,
            -0.023080767373895972,
            -0.023080767373895972,
            -0.023080767373895972,
            -0.023080767373895972,
            0.023080767373895982,
            0.023080767373895982,
            0.023080767373895982,
            0.023080767373895982,
            0.023080767373895982,
            0.023080767373895982,
            0.023080767373895982,
            0.023080767373895982,
            0.023080767373895982,
            0.023080767373895982,
            0.023080767373895982,
            0.023080767373895982,
            0.023080767373895982,
            0.023080767373895982,
            0.023080767373895982,
            0.023080767373895982,
            0.023080767373895982,
            0.023080767373895982,
            0.023080767373895982,
            0.023080767373895982,
            0.023080767373895982,
            0.023080767373895982,
            0.023080767373895982,
            0.023080767373895982,
            0.023080767373895982,
            0.023080767373895982,
            0.023080767373895982,
            0.023080767373895982,
            0.023080767373895982,
            0.023080767373895982,
            0.023080767373895982,
            0.023080767373895982,
            0.023080767373895982,
            0.023080767373895982,
            0.023080767373895982,
            0.023080767373895982,
            0.023080767373895982,
            0.023080767373895982,
            0.023080767373895982,
            0.023080767373895982,
            0.023080767373895982,
            0.023080767373895982,
            0.023080767373895982,
            0.023080767373895982,
            0.023080767373895982,
            0.023080767373895982,
            0.023080767373895982,
            0.023080767373895982,
            0.023080767373895982,
            0.023080767373895982,
            0.023080767373895982,
            0.023080767373895982,
            0.023080767373895982,
            0.023080767373895982,
            0.023080767373895982,
            0.023080767373895982,
            0.023080767373895982,
            0.023080767373895982,
            0.023080767373895982,
            0.023080767373895982,
            0.023080767373895982,
            0.023080767373895982,
            0.023080767373895982,
            0.023080767373895982
        ]
    },
    "multidet": {
        "coeffs": [
            [
                0.94913973711731,
                0.31485514038186446
            ]
        ],
        "indices": [
            29
        ]
    },
    "time_series": {
        "times": [
            1.0
        ],
        "values": [
            [
                0.5403023058681397,
                -2.7755575615628914e-17
            ]
        ]
    }
}