{
    "filename": "case-b2ab6edc.h5",
    "num_qubits": 3,
    "uuid": "b2ab6edc-72f1-4365-97f3-76911270646d",
    "pauli_hamil": {
        "offset": -1.4811330890544139,
        "normalization": 2.183158376108266,
        "coeffs": [
            0.45805197229099637
        ],
        "paulis": [
            [
                2,
                1,
                3
            ]
        ],
        "eigs": [
            -0.45805197229099637,
            -0.45805197229099637,
            -0.45805197229099637,
            -0.45805197229099637,
            0.45805197229099637,
            0.45805197229099637,
            0.45805197229099637,
            0.45805197229099637
        ]
    },
    "multidet": {
        "coeffs": [
            [
                0.4665882075080996,
                0.8844746715505076
            ]
        ],
        "indices": [
            4
        ]
    },
    "time_series": {
        "times": [
            0.0
        ],
        "values": [
            [
                0.9999999999999998,
                0.0
            ]
        ]
    }
}