{
    "filename": "case-f549a42d.h5",
    "num_qubits": 4,
    "uuid": "f549a42d-bca4-4aef-87f3-5ef266b2808e",
    "pauli_hamil": {
        "offset": -2.293030054579145,
        "normalization": 0.6650238084867727,
        "coeffs": [
            0.3558820304752732,
            -0.20625804703871675,
            0.9415654849612067
        ],
        "paulis": [
            [
                2,
                3,
                0,
                3
            ],
            [
                1,
                3,
                0,
                1
            ],
            [
                1,
                0,
                1,
                0
            ]
        ],
        "eigs": [
            -1.212835208554632,
            -1.2128352085546314,
            -1.2128352085546308,
            -1.2128352085546303,
            -0.8003191144771983,
            -0.8003191144771978,
            -0.8003191144771977,
            -0.8003191144771976,
            0.8003191144771971,
            0.8003191144771988,
            0.8003191144771988,
            0.8003191144771991,
            1.2128352085546301,
            1.2128352085546303,
            1.212835208554631,
            1.212835208554631
        ]
    },
    "multidet": {
        "coeffs": [
            [
                0.44280141506174164,
                0.578775329320271
            ],
            [
                0.4698071670972463,
                0.14858888389355418
            ],
            [
                0.27051666542945463,
                0.3911129351501784
            ]
        ],
        "indices": [
            8,
            1,
            15
        ]
    },
    "time_series": {
        "times": [
            3.0,
            5.0,
            0.0,
            13.0,
            15.0,
            10.0,
            14.0,
            8.0,
            14.0,
            10.0,
            12.0,
            1.0,
            4.0,
            6.0,
            8.0,
            6.0
        ],
        "values": [
            [
                -0.3882231294876821,
                -0.09963321755915655
            ],
            [
                -0.757625021418628,
                -0.36460141925235945
            ],
            [
                1.0,
                0.0
            ],
            [
                0.15809946831642252,
                -0.4311863850123032
            ],
            [
                0.3816943768273181,
                -0.42418268124675795
            ],
            [
                0.18136026145273723,
                0.5284837141295939
            ],
            [
                0.3419761383907118,
                -0.5517209277684554
            ],
            [
                0.2733250126485659,
                0.31372639217114223
            ],
            [
                0.3419761383907118,
                -0.5517209277684554
            ],
            [
                0.18136026145273723,
                0.5284837141295939
            ],
            [
                0.01336133872043982,
                -0.10428570365599235
            ],
            [
                0.7768298721306626,
                0.06305690361830119
            ],
            [
                -0.7630089657312349,
                -0.2742752223565741
            ],
            [
                -0.4360016407118789,
                -0.27644045080972784
            ],
            [
                0.2733250126485659,
                0.31372639217114223
            ],
            [
                -0.4360016407118789,
                -0.27644045080972784
            ]
        ]
    }
}