{
    "filename": "case-74b8fe56.h5",
    "num_qubits": 8,
    "uuid": "74b8fe56-1ab9-40b6-b0f7-0bd3fefdc3a9",
    "pauli_hamil": {
        "offset": -8.635094523138036,
        "normalization": 0.33917957523325004,
        "coeffs": [
            0.062183843547620965,
            0.42987358240504614,
            0.48246859532477915,
            -0.4216008806302809,
            0.11131605724086802,
            -0.07883264446140692,
            0.4867854355688046,
            -0.23990953662383996,
            0.21134871707715863,
            0.42397144459255287
        ],
        "paulis": [
            [
                3,
                3,
                1,
                1,
                0,
                3,
                2,
                0
            ],
            [
                0,
                0,
                1,
                1,
                3,
                1,
                1,
                3
            ],
            [
                3,
                3,
                2,
                1,
                3,
                2,
                3,
                2
            ],
            [
                3,
                1,
                1,
                2,
                3,
                1,
                1,
                3
            ],
            [
                1,
                3,
                3,
                3,
                3,
                0,
                2,
                0
            ],
            [
                1,
                2,
                1,
                2,
                1,
                3,
                2,
                0
            ],
            [
                3,
                1,
                2,
                2,
                0,
                0,
                0,
                1
            ],
            [
                3,
                2,
                2,
                3,
                1,
                1,
                1,
                0
            ],
            [
                0,
                2,
                0,
                1,
                0,
                3,
                1,
                0
            ],
            [
                0,
                0,
                2,
                1,
                3,
                3,
                2,
                3
            ]
        ],
        "eigs": [
            -1.7978961033014096,
            -1.7978961033014034,
            -1.7978961033013956,
            -1.7978961033013936,
            -1.7978961033013916,
            -1.7978961033013874,
            -1.7978961033013867,
            -1.7978961033013847,
            -1.7673898594380357,
            -1.7673898594380346,
            -1.7673898594380295,
            -1.7673898594380217,
            -1.7673898594380206,
            -1.76738985943802,
            -1.767389859438018,
            -1.7673898594380064,
            -1.425544203169896,
            -1.4255442031698917,
            -1.4255442031698886,
            -1.425544203169888,
            -1.4255442031698877,
            -1.4255442031698788,
            -1.4255442031698782,
            -1.4255442031698762,
            -1.3977529580849497,
            -1.397752958084948,
            -1.3977529580849468,
            -1.397752958084945,
            -1.397752958084944,
            -1.3977529580849428,
            -1.3977529580849406,
            -1.3977529580849402,
            -1.2294658595023367,
            -1.2294658595023331,
            -1.2294658595023327,
            -1.2294658595023318,
            -1.229465859502328,
            -1.2294658595023278,
            -1.2294658595023276,
            -1.229465859502323,
            -1.2049413020235564,
            -1.2049413020235558,
            -1.2049413020235544,
            -1.2049413020235538,
            -1.2049413020235482,
            -1.2049413020235462,
            -1.2049413020235455,
            -1.2049413020235393,
            -1.14593183149532,
            -1.1459318314953173,
            -1.1459318314953135,
            -1.1459318314953115,
            -1.1459318314953106,
            -1.145931831495303,
            -1.1459318314953024,
            -1.1459318314953022,
            -1.1391267478167042,
            -1.139126747816704,
            -1.1391267478167004,
            -1.1391267478166993,
            -1.1391267478166989,
            -1.1391267478166975,
            -1.139126747816696,
            -1.1391267478166953,
            -0.9024881671142911,
            -0.90248816711429,
            -0.9024881671142881,
            -0.9024881671142878,
            -0.9024881671142865,
            -0.9024881671142858,
            -0.9024881671142848,
            -0.9024881671142834,
            -0.8299276158028698,
            -0.8299276158028686,
            -0.829927615802868,
            -0.8299276158028676,
            -0.8299276158028673,
            -0.8299276158028648,
            -0.8299276158028628,
            -0.8299276158028626,
            -0.5925900903222548,
            -0.5925900903222514,
            -0.5925900903222503,
            -0.5925900903222499,
            -0.5925900903222483,
            -0.5925900903222473,
            -0.5925900903222472,
            -0.5925900903222457,
            -0.4991375373600595,
            -0.4991375373600582,
            -0.49913753736005695,
            -0.4991375373600565,
            -0.4991375373600554,
            -0.4991375373600554,
            -0.4991375373600536,
            -0.4991375373600535,
            -0.2506008799690639,
            -0.2506008799690639,
            -0.2506008799690639,
            -0.25060087996906283,
            -0.25060087996906283,
            -0.2506008799690623,
            -0.25060087996906133,
            -0.2506008799690607,
            -0.24521253782942867,
            -0.24521253782942828,
            -0.245212537829427,
            -0.24521253782942645,
            -0.24521253782942637,
            -0.24521253782942629,
            -0.24521253782942595,
            -0.24521253782942554,
            -0.15997142192773497,
            -0.15997142192773448,
            -0.15997142192773436,
            -0.15997142192773375,
            -0.15997142192773373,
            -0.15997142192773353,
            -0.15997142192773348,
            -0.1599714219277333,
            -0.1388158919631323,
            -0.13881589196313204,
            -0.13881589196313168,
            -0.13881589196313102,
            -0.13881589196313077,
            -0.13881589196313066,
            -0.13881589196313046,
            -0.13881589196312946,
            0.1388158919631301,
            0.13881589196313043,
            0.13881589196313088,
            0.13881589196313104,
            0.1388158919631312,
            0.1388158919631315,
            0.13881589196313157,
            0.13881589196313224,
            0.1599714219277332,
            0.15997142192773323,
            0.15997142192773353,
            0.15997142192773353,
            0.1599714219277336,
            0.1599714219277336,
            0.15997142192773423,
            0.15997142192773428,
            0.2452125378294253,
            0.2452125378294261,
            0.2452125378294261,
            0.24521253782942662,
            0.24521253782942684,
            0.24521253782942726,
            0.24521253782942773,
            0.24521253782942803,
            0.250600879969062,
            0.2506008799690622,
            0.2506008799690625,
            0.2506008799690625,
            0.250600879969063,
            0.2506008799690636,
            0.2506008799690639,
            0.2506008799690653,
            0.4991375373600524,
            0.49913753736005534,
            0.499137537360056,
            0.49913753736005617,
            0.49913753736005645,
            0.4991375373600568,
            0.49913753736005695,
            0.4991375373600577,
            0.592590090322244,
