{
    "filename": "case-7b242ce8.h5",
    "num_qubits": 6,
    "uuid": "7b242ce8-5ac8-4243-92cf-4d578e796e39",
    "pauli_hamil": {
        "offset": 9.755673499280451,
        "normalization": 0.17072869675786898,
        "coeffs": [
            0.2036626554697245,
            -0.8096585137029988,
            -0.28875726897000087,
            0.5936912968913672,
            -0.9158974029235776,
            0.9006499577982796,
            0.057924120415764335,
            0.9075379038845826,
            -0.9117604856753077,
            0.26770653384515963
        ],
        "paulis": [
            [
                3,
                3,
                1,
                2,
                0,
                3
            ],
            [
                3,
                1,
                3,
                2,
                3,
                3
            ],
            [
                0,
                3,
                0,
                2,
                3,
                0
            ],
            [
                1,
                1,
                0,
                2,
                0,
                1
            ],
            [
                0,
                1,
                2,
                2,
                3,
                1
            ],
            [
                2,
                2,
                3,
                1,
                1,
                1
            ],
            [
                2,
                3,
                0,
                2,
                0,
                0
            ],
            [
                3,
                0,
                3,
                1,
                0,
                3
            ],
            [
                3,
                1,
                3,
                1,
                0,
                1
            ],
            [
                0,
                0,
                3,
                3,
                0,
                0
            ]
        ],
        "eigs": [
            -3.6977835600039177,
            -3.697783560003915,
            -3.6683474214413363,
            -3.668347421441318,
            -3.044578552210532,
            -3.0445785522105195,
            -2.996084836889546,
            -2.9960848368895423,
            -2.410961449885892,
            -2.410961449885891,
            -2.301075227248512,
            -2.3010752272485044,
            -1.9781436568654045,
            -1.9781436568653927,
            -1.875458421545713,
            -1.8754584215457109,
            -1.5311573218397851,
            -1.5311573218397825,
            -1.4275649148112608,
            -1.4275649148112604,
            -1.1742717493222332,
            -1.174271749322232,
            -1.1245013592574706,
            -1.1245013592574697,
            -0.7785599976726578,
            -0.7785599976726568,
            -0.7509880302101061,
            -0.7509880302101059,
            -0.2638584556792008,
            -0.2638584556792003,
            -0.16090470013047942,
            -0.16090470013047922,
            0.16090470013047956,
            0.16090470013048072,
            0.26385845567919985,
            0.263858455679201,
            0.7509880302101064,
            0.7509880302101075,
            0.778559997672657,
            0.7785599976726573,
            1.1245013592574669,
            1.1245013592574722,
            1.1742717493222286,
            1.174271749322233,
            1.4275649148112572,
            1.427564914811266,
            1.5311573218397814,
            1.5311573218397843,
            1.8754584215457146,
            1.8754584215457168,
            1.9781436568653996,
            1.9781436568654018,
            2.301075227248499,
            2.3010752272485018,
            2.4109614498859058,
            2.410961449885908,
            2.9960848368895405,
            2.9960848368895485,
            3.0445785522105253,
            3.044578552210533,
            3.66834742144133,
            3.668347421441333,
            3.697783560003904,
            3.697783560003919
        ]
    },
    "multidet": {
        "coeffs": [
            [
                0.03453309474597349,
                0.1056632479960679
            ],
            [
                0.1912705410695943,
                0.16535936206421387
            ],
            [
                0.12021669016191311,
                0.00987308430030137
            ],
            [
                0.017342676935394704,
                0.1668354064196302
            ],
            [
                0.14183748470957136,
                0.0864562496881684
            ],
            [
                0.1050091766303253,
                0.13875461944236014
            ],
            [
                0.08737686931045792,
                0.06088351413647504
            ],
            [
                0.18801517822083583,
                0.17811656414120605
            ],
            [
                0.0676560972227795,
                0.16823006667399112
            ],
            [
                0.17737157789238944,
                0.16170384705061422
            ],
            [
                0.1742260482814008,
                0.030543826749602154
            ],
            [
                0.19047652946429702,
                0.057669923384651094
            ],
            [
                0.16637157741980527,
                0.10257896438667127
            ],
            [
                0.013924926565704996,
                0.14233807886775507
            ],
            [
                0.03788740387147902,
                0.041900415777358924
            ],
            [
                0.055375567465949266,
                0.09371840714102432
            ],
            [
                0.017172525877450193,
                0.13069289578911314
            ],
            [
                0.16949233216494095,
                0.08700770221310658
            ],
            [
                0.07962922285763281,
                0.07185977381594917
            ],
            [
                0.07277981023238568,
                0.1950339687432655
            ],
            [
                0.1364121671832045,
                0.19944844541308965
            ],
            [
                0.011028197548970615,
                0.01746132514677708
            ],
            [
                0.14988538836133825,
                0.14702088512466419
            ],
            [
                0.1710002931690125,
                0.19420054757893485
            ],
            [
                0.14095000338466276,
                0.06504086025818852
            ],
            [
                0.12312398991552445,
                0.008081901605115566
            ],
            [
                0.20196936495526177,
                0.12007761775632839
            ],
            [
                0.04664713939971983,
                0.020705192847813244
            ],
            [
                0.1565349826402711,
                0.020967403208988877
            ],
            [
                0.03684877539435818,
                0.15839109614559074
            ],
            [
                0.01719932295090281,
                0.0032057773922482616
            ],
            [
                0.13078428824621124,
                0.16076227267465237
            ],
            [
                0.10442842136304419,
                0.1691535368526545
            ]
        ],