{
    "filename": "case-e1debce1.h5",
    "num_qubits": 6,
    "uuid": "e1debce1-71c6-4d97-9f61-38af728fa2e2",
    "pauli_hamil": {
        "offset": -0.7233622311874568,
        "normalization": 0.17844849900329404,
        "coeffs": [
            0.6120883209512753,
            -0.9039499970677973,
            -0.629868084941976,
            0.7038490101407733,
            0.41584691926810846,
            -0.40079750060122854,
            -0.415194489315146,
            0.9414298207106322,
            0.3374581652903794,
            -0.2433754186501378
        ],
        "paulis": [
            [
                1,
                2,
                0,
                1,
                2,
                0
            ],
            [
                3,
                2,
                1,
                2,
                2,
                3
            ],
            [
                3,
                3,
                3,
                0,
                1,
                2
            ],
            [
                1,
                2,
                1,
                2,
                3,
                0
            ],
            [
                3,
                3,
                0,
                2,
                2,
                0
            ],
            [
                0,
                0,
                1,
                2,
                3,
                1
            ],
            [
                0,
                0,
                0,
                0,
                1,
                0
            ],
            [
                1,
                3,
                3,
                1,
                1,
                0
            ],
            [
                2,
                0,
                3,
                2,
                3,
                2
            ],
            [
                1,
                0,
                2,
                1,
                2,
                0
            ]
        ],
        "eigs": [
            -3.2909710218608126,
            -3.2909710218608,
            -3.242833527996608,
            -3.2428335279965945,
            -2.7204936056992772,
            -2.7204936056992644,
            -2.7042853790782226,
            -2.704285379078217,
            -2.0998674743629397,
            -2.0998674743629318,
            -2.0336190747935743,
            -2.0336190747935734,
            -1.8057611888605987,
            -1.805761188860596,
            -1.7431281572057375,
            -1.743128157205733,
            -1.5433467027479877,
            -1.5433467027479817,
            -1.460728237183645,
            -1.4607282371836416,
            -1.1392626806695423,
            -1.1392626806695387,
            -0.9237761299448299,
            -0.9237761299448274,
            -0.551593338823935,
            -0.5515933388239334,
            -0.49955472155185393,
            -0.4995547215518534,
            -0.42619563230858043,
            -0.4261956323085795,
            -0.2844124008770551,
            -0.28441240087705505,
            0.28441240087705355,
            0.28441240087705555,
            0.42619563230858004,
            0.42619563230858043,
            0.49955472155185404,
            0.49955472155185415,
            0.5515933388239339,
            0.5515933388239341,
            0.9237761299448274,
            0.923776129944829,
            1.1392626806695374,
            1.1392626806695378,
            1.46072823718364,
            1.4607282371836452,
            1.543346702747985,
            1.543346702747985,
            1.7431281572057291,
            1.7431281572057338,
            1.8057611888605947,
            1.8057611888605982,
            2.0336190747935734,
            2.0336190747935787,
            2.0998674743629313,
            2.0998674743629455,
            2.704285379078214,
            2.7042853790782275,
            2.720493605699265,
            2.720493605699277,
            3.2428335279965967,
            3.242833527996612,
            3.2909710218607833,
            3.2909710218607997
        ]
    },
    "multidet": {
        "coeffs": [
            [
                0.9978489689013736,
                0.06555482638574851
            ]
        ],
        "indices": [
            3
        ]
    },
    "time_series": {
        "times": [
            1.0
        ],
        "values": [
            [
                0.9429528717758837,
                -0.00036945522373627027
            ]
        ]
    }
}