{
    "filename": "case-2f153ace.h5",
    "num_qubits": 5,
    "uuid": "2f153ace-ac3c-427c-9d2c-32738a8b4654",
    "pauli_hamil": {
        "offset": 0.07875132273729768,
        "normalization": 0.17171039809721844,
        "coeffs": [
            0.7895221003729751,
            0.6085409286985382,
            0.7332703388479846,
            -0.1415697781793197,
            0.8116981236834322,
            -0.3925557737446079,
            0.27952658753423276,
            -0.4061967666931898,
            -0.9234991029826356,
            -0.7373796372147841
        ],
        "paulis": [
            [
                3,
                1,
                3,
                3,
                2
            ],
            [
                0,
                3,
                3,
                2,
                3
            ],
            [
                1,
                1,
                2,
                3,
                1
            ],
            [
                0,
                3,
                3,
                1,
                0
            ],
            [
                1,
                1,
                3,
                0,
                3
            ],
            [
                0,
                0,
                1,
                3,
                2
            ],
            [
                2,
                2,
                1,
                3,
                0
            ],
            [
                3,
                0,
                1,
                2,
                2
            ],
            [
                0,
                0,
                0,
                1,
                3
            ],
            [
                0,
                2,
                2,
                2,
                0
            ]
        ],
        "eigs": [
            -3.5322697129574756,
            -3.532269712957471,
            -3.476896612312941,
            -3.4768966123129355,
            -1.7199910066777817,
            -1.719991006677775,
            -1.671657127963077,
            -1.6716571279630732,
            -1.2163732386202866,
            -1.2163732386202861,
            -1.1363148579411761,
            -1.136314857941176,
            -0.5304175412682517,
            -0.530417541268251,
            -0.38135366008471594,
            -0.3813536600847155,
            0.3282867551887349,
            0.32828675518873507,
            0.4705638004997568,
            0.47056380049975854,
            1.3963923127588254,
            1.3963923127588258,
            1.4913263333243392,
            1.4913263333243396,
            1.9072642094128962,
            1.9072642094128969,
            2.014725592690159,
            2.014725592690166,
            2.969179724914236,
            2.969179724914246,
            3.0875350290367276,
            3.0875350290367423
        ]
    },
    "multidet": {
        "coeffs": [
            [
                0.8931822942776433,
                0.4496947733618054
            ]
        ],
        "indices": [
            29
        ]
    },
    "time_series": {
        "times": [
            1.0
        ],
        "values": [
            [
                0.9383714151519154,
                -0.0005891073976589389
            ]
        ]
    }
}