{
    "filename": "case-bd56f2e8.h5",
    "num_qubits": 6,
    "uuid": "bd56f2e8-8b7a-413b-a1ab-bb2dd1746119",
    "pauli_hamil": {
        "offset": -4.75082810221665,
        "normalization": 1.737492328948137,
        "coeffs": [
            -0.5755421093602131
        ],
        "paulis": [
            [
                3,
                3,
                3,
                0,
                3,
                2
            ]
        ],
        "eigs": [
            -0.5755421093602131,
            -0.5755421093602131,
            -0.5755421093602131,
            -0.5755421093602131,
            -0.5755421093602131,
            -0.5755421093602131,
            -0.5755421093602131,
            -0.5755421093602131,
            -0.5755421093602131,
            -0.5755421093602131,
            -0.5755421093602131,
            -0.5755421093602131,
            -0.5755421093602131,
            -0.5755421093602131,
            -0.5755421093602131,
            -0.5755421093602131,
            -0.5755421093602131,
            -0.5755421093602131,
            -0.5755421093602131,
            -0.5755421093602131,
            -0.5755421093602131,
            -0.5755421093602131,
            -0.5755421093602131,
            -0.5755421093602131,
            -0.5755421093602131,
            -0.5755421093602131,
            -0.5755421093602131,
            -0.5755421093602131,
            -0.5755421093602131,
            -0.5755421093602131,
            -0.5755421093602131,
            -0.5755421093602131,
            0.5755421093602129,
            0.5755421093602129,
            0.5755421093602129,
            0.5755421093602129,
            0.5755421093602129,
            0.5755421093602129,
            0.5755421093602129,
            0.5755421093602129,
            0.5755421093602129,
            0.5755421093602129,
            0.5755421093602129,
            0.5755421093602129,
            0.5755421093602129,
            0.5755421093602129,
            0.5755421093602129,
            0.5755421093602129,
            0.5755421093602129,
            0.5755421093602129,
            0.5755421093602129,
            0.5755421093602129,
            0.5755421093602129,
            0.5755421093602129,
            0.5755421093602129,
            0.5755421093602129,
            0.5755421093602129,
            0.5755421093602129,
            0.5755421093602129,
            0.5755421093602129,
            0.5755421093602129,
            0.5755421093602129,
            0.5755421093602129,
            0.5755421093602129
        ]
    },
    "multidet": {
        "coeffs": [
            [
                0.41979410944802054,
                0.9076193616669619
            ]
        ],
        "indices": [
            16
        ]
    },
    "time_series": {
        "times": [
            1.0
        ],
        "values": [
            [
                0.5403023058681397,
                0.0
            ]
        ]
    }
}