{
    "filename": "case-e1bcdebd.h5",
    "num_qubits": 6,
    "uuid": "e1bcdebd-d420-4dd2-9a24-00c6adafda92",
    "pauli_hamil": {
        "offset": 3.4506092185354746,
        "normalization": 0.5044186598705171,
        "coeffs": [
            0.3434623352889621,
            -0.8882236650207473,
            -0.7507941883825511
        ],
        "paulis": [
            [
                2,
                3,
                3,
                3,
                1,
                1
            ],
            [
                1,
                1,
                1,
                0,
                0,
                2
            ],
            [
                3,
                2,
                1,
                0,
                3,
                1
            ]
        ],
        "eigs": [
            -1.50648993273105,
            -1.5064899327310495,
            -1.5064899327310493,
            -1.5064899327310486,
            -1.5064899327310481,
            -1.5064899327310468,
            -1.5064899327310461,
            -1.5064899327310457,
            -1.5064899327310455,
            -1.506489932731045,
            -1.506489932731045,
            -1.506489932731045,
            -1.5064899327310446,
            -1.5064899327310446,
            -1.5064899327310441,
            -1.5064899327310437,
            -0.8195652621531271,
            -0.819565262153125,
            -0.819565262153125,
            -0.8195652621531235,
            -0.8195652621531234,
            -0.8195652621531233,
            -0.8195652621531232,
            -0.8195652621531226,
            -0.8195652621531216,
            -0.8195652621531215,
            -0.8195652621531215,
            -0.8195652621531211,
            -0.8195652621531209,
            -0.8195652621531206,
            -0.8195652621531204,
            -0.81956526215312,
            0.819565262153119,
            0.8195652621531199,
            0.81956526215312,
            0.81956526215312,
            0.8195652621531202,
            0.8195652621531208,
            0.8195652621531212,
            0.8195652621531213,
            0.8195652621531214,
            0.8195652621531218,
            0.8195652621531219,
            0.819565262153122,
            0.8195652621531224,
            0.8195652621531226,
            0.8195652621531239,
            0.8195652621531241,
            1.5064899327310415,
            1.5064899327310437,
            1.5064899327310437,
            1.5064899327310441,
            1.5064899327310446,
            1.5064899327310446,
            1.5064899327310448,
            1.5064899327310448,
            1.5064899327310448,
            1.5064899327310455,
            1.5064899327310464,
            1.5064899327310473,
            1.5064899327310473,
            1.5064899327310475,
            1.5064899327310477,
            1.506489932731048
        ]
    },
    "multidet": {
        "coeffs": [
            [
                0.09444842386004688,
                0.4917472112526788
            ],
            [
                0.12305724565898166,
                0.6187322616054661
            ],
            [
                0.576268856920515,
                0.1385845689046917
            ]
        ],
        "indices": [
            0,
            28,
            39
        ]
    },
    "time_series": {
        "times": [
            4.0,
            8.0,
            3.0,
            13.0,
            13.0,
            2.0,
            7.0,
            3.0,
            3.0,
            14.0,
            7.0,
            12.0,
            6.0,
            2.0,
            1.0,
            14.0
        ],
        "values": [
            [
                -0.5387644969631665,
                -0.22673305896128115
            ],
            [
                -0.0035217199608612478,
                0.07584946293993136
            ],
            [
                -0.16320497327297484,
                -0.35193865234418764
            ],
            [
                -0.14206862368591983,
                0.2533576135803509
            ],
            [
                -0.14206862368591983,
                0.2533576135803509
            ],
            [
                0.36409937132074843,
                -0.35803805898391805
            ],
            [
                -0.19956040476880174,
                0.11893562588375862
            ],
            [
                -0.16320497327297484,
                -0.35193865234418764
            ],
            [
                -0.16320497327297484,
                -0.35193865234418764
            ],
            [
                0.2651488868322267,
                0.29156727806305294
            ],
            [
                -0.19956040476880174,
                0.11893562588375862
            ],
            [
                -0.35382400130907565,
                0.13790926161701828
            ],
            [
                -0.4708292033763318,
                0.07726099762271825
            ],
            [
                0.36409937132074843,
                -0.35803805898391805
            ],
            [
                0.8203312078664842,
                -0.2251223728289741
            ],
            [
                0.2651488868322267,
                0.29156727806305294
            ]
        ]
    }
}