{
    "filename": "case-ef7ac948.h5",
    "num_qubits": 3,
    "uuid": "ef7ac948-1f72-4575-a85d-b9d5c8429743",
    "pauli_hamil": {
        "offset": -1.878334575269272,
        "normalization": 0.20031113698872988,
        "coeffs": [
            0.9950263852190824,
            -0.6769365698739045,
            -0.04936471259384434,
            -0.4739885217787638,
            -0.8064959316791809,
            -0.7000711885765198,
            0.24771857524763607,
            0.3590272638429792,
            0.6491274552934705,
            0.03447705315883187
        ],
        "paulis": [
            [
                3,
                0,
                3
            ],
            [
                0,
                1,
                0
            ],
            [
                3,
                3,
                2
            ],
            [
                3,
                1,
                0
            ],
            [
                3,
                1,
                1
            ],
            [
                1,
                1,
                2
            ],
            [
                0,
                0,
                2
            ],
            [
                0,
                1,
                2
            ],
            [
                1,
                0,
                2
            ],
            [
                0,
                3,
                2
            ]
        ],
        "eigs": [
            -2.5710841894529026,
            -2.043752436311443,
            -1.6152692366316208,
            0.2633292149522125,
            0.5314721453766532,
            0.8182066652505499,
            1.2237287917965132,
            3.393369045020031
        ]
    },
    "multidet": {
        "coeffs": [
            [
                0.6173821212741877,
                0.2812822264067998
            ],
            [
                0.4600974132174632,
                0.5110307630683891
            ],
            [
                0.20101451372910803,
                0.16269824909078512
            ]
        ],
        "indices": [
            0,
            2,
            5
        ]
    },
    "time_series": {
        "times": [
            0.0
        ],
        "values": [
            [
                1.0,
                0.0
            ]
        ]
    }
}