{
    "filename": "case-c3115b0a.h5",
    "num_qubits": 5,
    "uuid": "c3115b0a-190b-40b2-9b1d-f04a611ccbb7",
    "pauli_hamil": {
        "offset": 3.66196913094835,
        "normalization": 0.06342102384010835,
        "coeffs": [
            0.3534207063755779,
            0.362752418218655,
            0.5006661920078379,
            -0.9076454204313706,
            -0.031345707789183,
            -0.8817694139193051,
            0.4463289109995956,
            -0.13962636958540653,
            0.3824346641636487,
            0.41197154561903226,
            -0.8075733638672327,
            0.8153579731930516,
            0.5729285192556335,
            -0.3108892130854448,
            -0.9907070591487499,
            -0.28477615382065213,
            -0.1666469913540367,
            0.31475464202224956,
            0.22801050946735213,
            0.5754863732450208,
            0.8389767532454357,
            0.2931126787032381,
            0.02837174998377634,
            0.44960853933466827,
            0.48596019669068613,
            -0.3774115154775408,
            0.4529234994921514,
            -0.780047090112943,
            0.8844220600589376,
            0.7608150626526295,
            -0.2969045992525572,
            -0.10176087996354499,
            0.5322352403246211
        ],
        "paulis": [
            [
                0,
                0,
                2,
                3,
                0
            ],
            [
                1,
                2,
                0,
                2,
                1
            ],
            [
                2,
                3,
                2,
                0,
                0
            ],
            [
                1,
                0,
                2,
                0,
                1
            ],
            [
                2,
                3,
                2,
                0,
                3
            ],
            [
                0,
                1,
                0,
                0,
                1
            ],
            [
                2,
                1,
                2,
                3,
                0
            ],
            [
                2,
                3,
                0,
                1,
                1
            ],
            [
                1,
                3,
                1,
                0,
                1
            ],
            [
                3,
                3,
                2,
                1,
                0
            ],
            [
                0,
                3,
                3,
                3,
                2
            ],
            [
                1,
                1,
                3,
                2,
                3
            ],
            [
                3,
                3,
                3,
                1,
                2
            ],
            [
                3,
                2,
                1,
                0,
                0
            ],
            [
                1,
                1,
                2,
                3,
                2
            ],
            [
                2,
                1,
                2,
                3,
                2
            ],
            [
                3,
                3,
                3,
                1,
                1
            ],
            [
                3,
                1,
                3,
                1,
                1
            ],
            [
                0,
                3,
                0,
                2,
                3
            ],
            [
                3,
                2,
                0,
                1,
                0
            ],
            [
                0,
                0,
                3,
                1,
                1
            ],
            [
                0,
                2,
                0,
                0,
                0
            ],
            [
                0,
                1,
                0,
                2,
                2
            ],
            [
                0,
                2,
                0,
                3,
                2
            ],
            [
                1,
                0,
                1,
                2,
                0
            ],
            [
                0,
                2,
                0,
                2,
                0
            ],
            [
                1,
                3,
                3,
                1,
                0
            ],
            [
                2,
                3,
                3,
                2,
                3
            ],
            [
                2,
                0,
                1,
                1,
                3
            ],
            [
                0,
                3,
                0,
                1,
                3
            ],
            [
                3,
                0,
                1,
                2,
                0
            ],
            [
                1,
                0,
                2,
                1,
                3
            ],
            [
                3,
                1,
                3,
                1,
                0
            ]
        ],
        "eigs": [
            -5.759641294348636,
            -4.949026840724915,
            -4.561266870009789,
            -4.412507451980219,
            -3.871412118096367,
            -3.3574519642710268,
            -3.2145469221898253,
            -2.8761586526983307,
            -2.223730935547185,
            -1.8849455029035318,
            -1.812971902113054,
            -1.6400654906068166,
            -1.0865064795486479,
            -0.7979062888565331,
            -0.6215557308479209,
            -0.12518887120037855,
            0.03510913635462921,
            0.4174776608420303,
            0.8851259399234647,
            1.091613870149724,
            1.5714201268936165,
            1.8123622570271982,
            2.200043878933206,
            2.6626261142972667,
            2.8856888236519467,
            3.3728253166056863,
            3.6588032053593764,
            3.9355056575619947,
            4.096383503584392,
            4.3372906304385905,
            4.613027236990315,
            5.619579957329779
        ]
    },
    "multidet": {
        "coeffs": [
            [
                0.5063841575432385,
                0.5045641178061028
            ],
            [
                0.2445309583862694,
                0.4913833901163536
            ],
            [
                0.4011636638334128,
                0.1637217918909342
            ]
        ],
        "indices": [
            12,
            21,
            14
        ]
    },
    "time_series": {
        "times": [
            3.0,
            11.0,
            14.0,
            0.0,
            10.0,
            13.0,
            0.0,
            14.0,
            14.0,
            0.0,
            8.0,
            15.0,
            12.0,
            11.0,
            9.0,
            8.0
        ],