{
    "filename": "case-2ad48b96.h5",
    "num_qubits": 7,
    "uuid": "2ad48b96-fb0d-48bf-bf82-c0fa86030187",
    "pauli_hamil": {
        "offset": -7.4476178393910635,
        "normalization": 0.21270938713374424,
        "coeffs": [
            -0.12043509362346816,
            -0.6677875391641903,
            0.3557345647122454,
            -0.7732227210549436,
            0.7712119875457273,
            0.2728615342701861,
            -0.36847526559160126,
            0.9030891098826836,
            -0.30871601017344186,
            0.15971614453986316
        ],
        "paulis": [
            [
                1,
                0,
                0,
                1,
                2,
                1,
                2
            ],
            [
                2,
                1,
                0,
                3,
                3,
                2,
                3
            ],
            [
                1,
                1,
                3,
                3,
                2,
                0,
                3
            ],
            [
                2,
                0,
                1,
                1,
                0,
                2,
                3
            ],
            [
                3,
                1,
                2,
                2,
                0,
                2,
                0
            ],
            [
                1,
                2,
                2,
                0,
                2,
                3,
                2
            ],
            [
                0,
                1,
                2,
                1,
                1,
                3,
                0
            ],
            [
                2,
                0,
                1,
                0,
                1,
                3,
                3
            ],
            [
                2,
                1,
                0,
                1,
                2,
                0,
                1
            ],
            [
                3,
                3,
                1,
                0,
                2,
                2,
                2
            ]
        ],
        "eigs": [
            -2.5301757798120863,
            -2.5301757798120845,
            -2.530175779812078,
            -2.5301757798120708,
            -2.4624937532574327,
            -2.46249375325743,
            -2.4624937532574234,
            -2.4624937532574207,
            -2.27338297561443,
            -2.2733829756144286,
            -2.273382975614425,
            -2.2733829756144197,
            -2.2611915262234152,
            -2.2611915262234064,
            -2.261191526223401,
            -2.2611915262233997,
            -2.197040188855085,
            -2.1970401888550763,
            -2.197040188855076,
            -2.197040188855075,
            -2.155624762267787,
            -2.1556247622677867,
            -2.1556247622677804,
            -2.1556247622677764,
            -1.9633091369053604,
            -1.963309136905357,
            -1.9633091369053557,
            -1.963309136905352,
            -1.9340038481282467,
            -1.9340038481282453,
            -1.934003848128244,
            -1.9340038481282422,
            -1.3576449356325162,
            -1.3576449356325138,
            -1.3576449356325118,
            -1.35764493563251,
            -1.2271835505856954,
            -1.2271835505856938,
            -1.2271835505856894,
            -1.2271835505856854,
            -1.0650434140869478,
            -1.0650434140869454,
            -1.065043414086943,
            -1.0650434140869405,
            -0.9342067095025779,
            -0.9342067095025771,
            -0.9342067095025771,
            -0.9342067095025756,
            -0.818385524146293,
            -0.8183855241462927,
            -0.8183855241462898,
            -0.8183855241462835,
            -0.7178692670834245,
            -0.7178692670834226,
            -0.7178692670834211,
            -0.7178692670834205,
            -0.5285391091744636,
            -0.5285391091744636,
            -0.5285391091744616,
            -0.5285391091744609,
            -0.4285593527544413,
            -0.42855935275444046,
            -0.4285593527544399,
            -0.42855935275443935,
            0.4285593527544394,
            0.42855935275444074,
            0.4285593527544416,
            0.42855935275444174,
            0.5285391091744596,
            0.5285391091744605,
            0.5285391091744611,
            0.5285391091744611,
            0.7178692670834182,
            0.7178692670834215,
            0.7178692670834236,
            0.717869267083424,
            0.8183855241462865,
            0.8183855241462867,
            0.81838552414629,
            0.8183855241462907,
            0.9342067095025783,
            0.934206709502579,
            0.9342067095025816,
            0.9342067095025866,
            1.0650434140869438,
            1.0650434140869445,
            1.0650434140869454,
            1.0650434140869525,
            1.2271835505856872,
            1.2271835505856916,
            1.2271835505856925,
            1.2271835505856943,
            1.3576449356325127,
            1.3576449356325155,
            1.3576449356325182,
            1.3576449356325182,
            1.9340038481282442,
            1.934003848128246,
            1.9340038481282504,
            1.9340038481282509,
            1.9633091369053544,
            1.9633091369053557,
            1.9633091369053648,
            1.9633091369053652,
            2.155624762267772,
            2.1556247622677773,
            2.1556247622677773,
            2.155624762267789,
            2.197040188855072,
            2.197040188855074,
            2.1970401888550777,
            2.197040188855081,
            2.2611915262234032,
            2.2611915262234046,
            2.261191526223409,
            2.2611915262234104,
            2.273382975614411,
            2.2733829756144326,
            2.273382975614434,
            2.2733829756144384,
            2.462493753257417,
            2.462493753257423,
            2.4624937532574296,
            2.462493753257431,
            2.5301757798120716,
            2.5301757798120725,
            2.530175779812087,
            2.53017577981209
        ]
    },