{
    "filename": "case-40a4ea17.h5",
    "num_qubits": 4,
    "uuid": "40a4ea17-4073-48fe-8d35-b6b652c0dc7d",
    "pauli_hamil": {
        "offset": 7.948798579034106,
        "normalization": 3.7534940704380655,
        "coeffs": [
            -0.2664184307298749
        ],
        "paulis": [
            [
                2,
                0,
                3,
                0
            ]
        ],
        "eigs": [
            -0.2664184307298749,
            -0.2664184307298749,
            -0.2664184307298749,
            -0.2664184307298749,
            -0.2664184307298749,
            -0.2664184307298749,
            -0.2664184307298749,
            -0.2664184307298749,
            0.266418430729875,
            0.266418430729875,
            0.266418430729875,
            0.266418430729875,
            0.266418430729875,
            0.266418430729875,
            0.266418430729875,
            0.266418430729875
        ]
    },
    "multidet": {
        "coeffs": [
            [
                0.5529302072456598,
                0.8332275715044911
            ]
        ],
        "indices": [
            11
        ]
    },
    "time_series": {
        "times": [
            0.0
        ],
        "values": [
            [
                1.0,
                0.0
            ]
        ]
    }
}