{
    "filename": "case-e2ad628d.h5",
    "num_qubits": 2,
    "uuid": "e2ad628d-259a-41c3-bcd2-b4d9ca4cfc00",
    "pauli_hamil": {
        "offset": -4.52898159214339,
        "normalization": 1.3244440893185958,
        "coeffs": [
            0.7550337594956411
        ],
        "paulis": [
            [
                1,
                1
            ]
        ],
        "eigs": [
            -0.7550337594956412,
            -0.7550337594956412,
            0.7550337594956411,
            0.7550337594956411
        ]
    },
    "multidet": {
        "coeffs": [
            [
                0.9914588560518517,
                0.13041984801537504
            ]
        ],
        "indices": [
            2
        ]
    },
    "time_series": {
        "times": [
            0.0
        ],
        "values": [
            [
                0.9999999999999999,
                0.0
            ]
        ]
    }
}