{
    "filename": "case-65ac32be.h5",
    "num_qubits": 7,
    "uuid": "65ac32be-8418-4357-b15f-a8a44fb378ab",
    "pauli_hamil": {
        "offset": 6.678695315803109,
        "normalization": 0.2243017661158591,
        "coeffs": [
            0.09211387319137021,
            0.3018058008433706,
            0.8968867356885073,
            0.3132679854364926,
            0.31459411605571685,
            0.2524168341588571,
            0.4601433753211508,
            -0.6803569540428154,
            -0.8138942313277877,
            -0.3327997469058468
        ],
        "paulis": [
            [
                2,
                1,
                3,
                1,
                3,
                1,
                0
            ],
            [
                2,
                3,
                0,
                3,
                3,
                3,
                0
            ],
            [
                2,
                3,
                1,
                3,
                0,
                3,
                3
            ],
            [
                3,
                2,
                3,
                2,
                1,
                2,
                1
            ],
            [
                0,
                0,
                2,
                0,
                1,
                1,
                1
            ],
            [
                2,
                3,
                3,
                2,
                3,
                2,
                3
            ],
            [
                1,
                1,
                3,
                2,
                3,
                2,
                0
            ],
            [
                3,
                0,
                1,
                2,
                1,
                0,
                2
            ],
            [
                0,
                2,
                1,
                1,
                1,
                0,
                1
            ],
            [
                1,
                0,
                0,
                3,
                3,
                3,
                2
            ]
        ],
        "eigs": [
            -2.437931983584354,
            -2.4379319835843507,
            -2.4379319835843503,
            -2.437931983584339,
            -2.3600942936076392,
            -2.360094293607638,
            -2.3600942936076335,
            -2.360094293607632,
            -2.272510919905408,
            -2.272510919905404,
            -2.272510919905403,
            -2.2725109199054025,
            -2.2433368145687336,
            -2.2433368145687274,
            -2.2433368145687256,
            -2.243336814568723,
            -1.9524634795410378,
            -1.9524634795410332,
            -1.9524634795410325,
            -1.9524634795410278,
            -1.914979484370025,
            -1.9149794843700245,
            -1.9149794843700243,
            -1.9149794843700212,
            -1.6895614461842983,
            -1.689561446184298,
            -1.6895614461842934,
            -1.6895614461842925,
            -1.6739644389846224,
            -1.673964438984622,
            -1.673964438984612,
            -1.6739644389846093,
            -1.3731799502230477,
            -1.3731799502230464,
            -1.3731799502230435,
            -1.373179950223042,
            -1.3398849771420422,
            -1.3398849771420358,
            -1.3398849771420356,
            -1.3398849771420323,
            -1.1398242230277968,
            -1.1398242230277942,
            -1.1398242230277928,
            -1.1398242230277915,
            -1.073608177376821,
            -1.0736081773768196,
            -1.073608177376819,
            -1.0736081773768154,
            -0.5253369577298738,
            -0.5253369577298713,
            -0.5253369577298711,
            -0.525336957729867,
            -0.5049089475557429,
            -0.504908947555742,
            -0.5049089475557416,
            -0.5049089475557396,
            -0.3948023653663025,
            -0.3948023653663021,
            -0.39480236536630176,
            -0.39480236536630087,
            -0.3681485010055632,
            -0.3681485010055627,
            -0.36814850100556146,
            -0.36814850100556057,
            0.36814850100556046,
            0.36814850100556196,
            0.3681485010055627,
            0.3681485010055651,
            0.3948023653663002,
            0.3948023653663006,
            0.3948023653663038,
            0.39480236536630603,
            0.5049089475557391,
            0.50490894755574,
            0.504908947555741,
            0.5049089475557437,
            0.5253369577298699,
            0.5253369577298701,
            0.5253369577298702,
            0.5253369577298712,
            1.0736081773768142,
            1.0736081773768213,
            1.0736081773768222,
            1.0736081773768258,
            1.13982422302779,
            1.139824223027796,
            1.1398242230277966,
            1.1398242230277986,
            1.3398849771420331,
            1.3398849771420331,
            1.3398849771420336,
            1.3398849771420394,
            1.373179950223042,
            1.3731799502230446,
            1.3731799502230457,
            1.373179950223052,
            1.673964438984608,
            1.6739644389846127,
            1.6739644389846142,
            1.6739644389846238,
            1.6895614461842932,
            1.689561446184296,
            1.6895614461843012,
            1.689561446184302,
            1.9149794843700196,
            1.914979484370023,
            1.9149794843700316,
            1.914979484370032,
            1.9524634795410292,
            1.95246347954103,
            1.9524634795410358,
            1.952463479541037,
            2.2433368145687216,
            2.2433368145687296,
            2.2433368145687336,
            2.2433368145687362,
            2.272510919905394,
            2.2725109199054003,
            2.2725109199054083,
            2.2725109199054088,
            2.360094293607634,
            2.3600942936076357,
            2.3600942936076383,
            2.3600942936076406,
            2.437931983584352,
            2.4379319835843627,
            2.4379319835843694,
            2.4379319835843716
        ]
    },
    "multidet": {
        "coeffs": [
            [
                0.6406276095928883,
                0.7678517212504652
            ]
        ],
        "indices": [
            115
        ]
    },
    "time_series": {
        "times": [
            1.0
        ],
        "values": [
            [
                0.935405347750774,
                -5.551115123125783e-17
            ]
        ]
    }
}