{
    "filename": "case-a64a0e0b.h5",
    "num_qubits": 3,
    "uuid": "a64a0e0b-9e9a-445e-bb8d-7eb7be0c81b5",
    "pauli_hamil": {
        "offset": 3.4762504399731307,
        "normalization": 0.1271698117574846,
        "coeffs": [
            0.9801150605676034,
            -0.5913705942742553,
            -0.7389122944673536,
            -0.8323040498177836,
            -0.9156143494719731,
            0.6483777300961773,
            -0.9824470317888812,
            0.7236801644954183,
            0.7003258182120171,
            0.7503543634830212
        ],
        "paulis": [
            [
                0,
                3,
                1
            ],
            [
                3,
                0,
                3
            ],
            [
                3,
                0,
                0
            ],
            [
                2,
                3,
                2
            ],
            [
                0,
                2,
                3
            ],
            [
                1,
                0,
                0
            ],
            [
                2,
                1,
                2
            ],
            [
                3,
                0,
                1
            ],
            [
                2,
                0,
                3
            ],
            [
                1,
                1,
                1
            ]
        ],
        "eigs": [
            -4.269274309853963,
            -2.400074655551,
            -1.6818787123527865,
            -0.03035567412124163,
            0.3082277512105826,
            1.582044164765728,
            2.8465498520325374,
            3.6447615838701384
        ]
    },
    "multidet": {
        "coeffs": [
            [
                0.6599100769569314,
                0.7513445882753775
            ]
        ],
        "indices": [
            4
        ]
    },
    "time_series": {
        "times": [
            1.0
        ],
        "values": [
            [
                0.9569473133007711,
                0.017176374299081365
            ]
        ]
    }
}