{
    "filename": "case-c7ccbc49.h5",
    "num_qubits": 4,
    "uuid": "c7ccbc49-2c18-4c0e-a028-d03f79541adb",
    "pauli_hamil": {
        "offset": -0.9042065806574716,
        "normalization": 1.1612573117647418,
        "coeffs": [
            -0.8611355897344732
        ],
        "paulis": [
            [
                0,
                3,
                2,
                1
            ]
        ],
        "eigs": [
            -0.8611355897344731,
            -0.8611355897344731,
            -0.8611355897344731,
            -0.8611355897344731,
            -0.8611355897344731,
            -0.8611355897344731,
            -0.8611355897344731,
            -0.8611355897344731,
            0.8611355897344728,
            0.8611355897344728,
            0.8611355897344728,
            0.8611355897344728,
            0.8611355897344728,
            0.8611355897344728,
            0.8611355897344728,
            0.8611355897344728
        ]
    },
    "multidet": {
        "coeffs": [
            [
                0.018565700179063276,
                0.08422635424136313
            ],
            [
                0.6149290938730188,
                0.4397096918584822
            ],
            [
                0.09606839480245244,
                0.6417551682241259
            ]
        ],
        "indices": [
            0,
            9,
            4
        ]
    },
    "time_series": {
        "times": [
            8.0,
            4.0,
            6.0,
            8.0,
            3.0,
            4.0,
            1.0,
            5.0,
            4.0,
            2.0
        ],
        "values": [
            [
                -0.14550003380861357,
                6.938893903907228e-18
            ],
            [
                -0.6536436208636118,
                0.0
            ],
            [
                0.9601702866503661,
                0.0
            ],
            [
                -0.14550003380861357,
                6.938893903907228e-18
            ],
            [
                -0.9899924966004453,
                0.0
            ],
            [
                -0.6536436208636118,
                0.0
            ],
            [
                0.5403023058681395,
                0.0
            ],
            [
                0.28366218546322597,
                1.3877787807814457e-17
            ],
            [
                -0.6536436208636118,
                0.0
            ],
            [
                -0.41614683654714213,
                0.0
            ]
        ]
    }
}