{
    "filename": "case-b42de666.h5",
    "num_qubits": 7,
    "uuid": "b42de666-9ae5-4b1a-a241-13a4b6126493",
    "pauli_hamil": {
        "offset": -0.058830090134362356,
        "normalization": 18.096163818255217,
        "coeffs": [
            0.05526033086588278
        ],
        "paulis": [
            [
                0,
                0,
                3,
                3,
                1,
                2,
                2
            ]
        ],
        "eigs": [
            -0.05526033086588278,
            -0.05526033086588278,
            -0.05526033086588278,
            -0.05526033086588278,
            -0.05526033086588278,
            -0.05526033086588278,
            -0.05526033086588278,
            -0.05526033086588278,
            -0.05526033086588278,
            -0.05526033086588278,
            -0.05526033086588278,
            -0.05526033086588278,
            -0.05526033086588278,
            -0.05526033086588278,
            -0.05526033086588278,
            -0.05526033086588278,
            -0.05526033086588278,
            -0.05526033086588278,
            -0.05526033086588278,
            -0.05526033086588278,
            -0.05526033086588278,
            -0.05526033086588278,
            -0.05526033086588278,
            -0.05526033086588278,
            -0.05526033086588278,
            -0.05526033086588278,
            -0.05526033086588278,
            -0.05526033086588278,
            -0.05526033086588278,
            -0.05526033086588278,
            -0.05526033086588278,
            -0.05526033086588278,
            -0.055260330865882765,
            -0.055260330865882765,
            -0.055260330865882765,
            -0.055260330865882765,
            -0.055260330865882765,
            -0.055260330865882765,
            -0.055260330865882765,
            -0.055260330865882765,
            -0.055260330865882765,
            -0.055260330865882765,
            -0.055260330865882765,
            -0.055260330865882765,
            -0.055260330865882765,
            -0.055260330865882765,
            -0.055260330865882765,
            -0.055260330865882765,
            -0.055260330865882765,
            -0.055260330865882765,
            -0.055260330865882765,
            -0.055260330865882765,
            -0.055260330865882765,
            -0.055260330865882765,
            -0.055260330865882765,
            -0.055260330865882765,
            -0.055260330865882765,
            -0.055260330865882765,
            -0.055260330865882765,
            -0.055260330865882765,
            -0.055260330865882765,
            -0.055260330865882765,
            -0.055260330865882765,
            -0.055260330865882765,
            0.05526033086588273,
            0.05526033086588273,
            0.05526033086588273,
            0.05526033086588273,
            0.05526033086588273,
            0.05526033086588273,
            0.05526033086588273,
            0.05526033086588273,
            0.05526033086588273,
            0.05526033086588273,
            0.05526033086588273,
            0.05526033086588273,
            0.05526033086588273,
            0.05526033086588273,
            0.05526033086588273,
            0.05526033086588273,
            0.05526033086588273,
            0.05526033086588273,
            0.05526033086588273,
            0.05526033086588273,
            0.05526033086588273,
            0.05526033086588273,
            0.05526033086588273,
            0.05526033086588273,
            0.05526033086588273,
            0.05526033086588273,
            0.05526033086588273,
            0.05526033086588273,
            0.05526033086588273,
            0.05526033086588273,
            0.05526033086588273,
            0.05526033086588273,
            0.05526033086588279,
            0.05526033086588279,
            0.05526033086588279,
            0.05526033086588279,
            0.05526033086588279,
            0.05526033086588279,
            0.05526033086588279,
            0.05526033086588279,
            0.05526033086588279,
            0.05526033086588279,
            0.05526033086588279,
            0.05526033086588279,
            0.05526033086588279,
            0.05526033086588279,
            0.05526033086588279,
            0.05526033086588279,
            0.05526033086588279,
            0.05526033086588279,
            0.05526033086588279,
            0.05526033086588279,
            0.05526033086588279,
            0.05526033086588279,
            0.05526033086588279,
            0.05526033086588279,
            0.05526033086588279,
            0.05526033086588279,
            0.05526033086588279,
            0.05526033086588279,
            0.05526033086588279,
            0.05526033086588279,
            0.05526033086588279,
            0.05526033086588279
        ]
    },
    "multidet": {
        "coeffs": [
            [
                0.5654735489766042,
                0.7849786325708819
            ],
            [
                0.10683206588858422,
                0.16346688626038886
            ],
            [
                0.15697915438778973,
                0.035654504581571864
            ]
        ],
        "indices": [
            35,
            58,
            43
        ]
    },
    "time_series": {
        "times": [
            8.0,
            5.0,
            4.0,
            7.0,
            1.0,
            6.0,
            8.0,
            1.0,
            4.0,
            7.0
        ],
        "values": [
            [
                -0.14550003380861265,
                0.0
            ],
            [
                0.28366218546322525,
                0.0
            ],
            [
                -0.6536436208636124,
                0.0
            ],
            [
                0.7539022543433047,
                5.551115123125783e-17
            ],
            [
                0.5403023058681398,
                -5.551115123125783e-17
            ],
            [
                0.9601702866503654,
                -5.551115123125783e-17
            ],
            [
                -0.14550003380861265,
                0.0
            ],
            [
                0.5403023058681398,
                -5.551115123125783e-17
            ],
            [
                -0.6536436208636124,
                0.0
            ],
            [
                0.7539022543433047,
                5.551115123125783e-17
            ]
        ]
    }
}