{
    "filename": "case-e7a5a51a.h5",
    "num_qubits": 3,
    "uuid": "e7a5a51a-fe0f-4777-a384-541c838f3aee",
    "pauli_hamil": {
        "offset": 0.5287240680551426,
        "normalization": 0.38294854530333167,
        "coeffs": [
            0.6912121193940675,
            0.9386432101083453,
            0.981461549134389
        ],
        "paulis": [
            [
                3,
                0,
                0
            ],
            [
                1,
                2,
                2
            ],
            [
                3,
                1,
                3
            ]
        ],
        "eigs": [
            -1.91804282467075,
            -1.9180428246707493,
            -0.9824946856584431,
            -0.9824946856584419,
            0.9824946856584423,
            0.9824946856584431,
            1.9180428246707495,
            1.9180428246707497
        ]
    },
    "multidet": {
        "coeffs": [
            [
                0.5642613469791158,
                0.34110422441759297
            ],
            [
                0.44235564699169455,
                0.49509368965935086
            ],
            [
                0.3465697850811898,
                0.06595562517794772
            ]
        ],
        "indices": [
            4,
            5,
            7
        ]
    },
    "time_series": {
        "times": [
            4.0,
            8.0,
            8.0,
            12.0,
            3.0,
            6.0,
            11.0,
            14.0,
            2.0,
            12.0,
            14.0,
            10.0,
            6.0,
            0.0,
            11.0,
            0.0
        ],
        "values": [
            [
                -0.26244055078493955,
                -0.09533265033297857
            ],
            [
                -0.39165268363859246,
                0.03193684803411884
            ],
            [
                -0.39165268363859246,
                0.03193684803411884
            ],
            [
                -0.39185119081701403,
                0.012416433304002827
            ],
            [
                0.10774832422509321,
                -0.15196616305243693
            ],
            [
                -0.5292765505211547,
                0.04299969210577756
            ],
            [
                -0.44256018977642664,
                -0.04026109477137185
            ],
            [
                0.15621144140021892,
                0.14273572727912848
            ],
            [
                0.5326500045842174,
                -0.1554412515461616
            ],
            [
                -0.39185119081701403,
                0.012416433304002827
            ],
            [
                0.15621144140021892,
                0.14273572727912848
            ],
            [
                -0.40495233801072195,
                -0.04875263385264633
            ],
            [
                -0.5292765505211547,
                0.04299969210577756
            ],
            [
                1.0,
                0.0
            ],
            [
                -0.44256018977642664,
                -0.04026109477137185
            ],
            [
                1.0,
                0.0
            ]
        ]
    }
}