{
    "filename": "case-ea8c1150.h5",
    "num_qubits": 2,
    "uuid": "ea8c1150-e3ff-43dd-829a-e52c78235109",
    "pauli_hamil": {
        "offset": -3.8119932002135686,
        "normalization": 0.5249877386001277,
        "coeffs": [
            0.5080750948250834,
            -0.8677992368551506,
            0.5289320599251883
        ],
        "paulis": [
            [
                0,
                2
            ],
            [
                2,
                0
            ],
            [
                3,
                0
            ]
        ],
        "eigs": [
            -1.5243647383338048,
            -0.5082145486836382,
            0.5082145486836396,
            1.524364738333806
        ]
    },
    "multidet": {
        "coeffs": [
            [
                0.37116374396815804,
                0.5202936873723213
            ],
            [
                0.17391282085716345,
                0.10241648928758404
            ],
            [
                0.20360718892972368,
                0.713681483663195
            ]
        ],
        "indices": [
            1,
            2,
            3
        ]
    },
    "time_series": {
        "times": [
            13.0,
            4.0,
            7.0,
            4.0,
            1.0,
            14.0,
            0.0,
            11.0,
            7.0,
            8.0,
            15.0,
            6.0,
            11.0,
            7.0,
            10.0,
            6.0
        ],
        "values": [
            [
                -0.8238681800412995,
                -0.29571918301081257
            ],
            [
                0.013664277212778448,
                0.41580695163428355
            ],
            [
                0.046079360952619136,
                0.3589386695120611
            ],
            [
                0.013664277212778448,
                0.41580695163428355
            ],
            [
                0.8797216560744763,
                0.24890220806545
            ],
            [
                -0.5009481822214662,
                -0.43658450026734097
            ],
            [
                1.0000000000000002,
                0.0
            ],
            [
                -0.9261879116903657,
                0.19778646497792962
            ],
            [
                0.046079360952619136,
                0.3589386695120611
            ],
            [
                -0.050688297751059846,
                0.43092947005576393
            ],
            [
                -0.1776822716260834,
                -0.45828809341264987
            ],
            [
                0.007696682718016163,
                0.31836455436941313
            ],
            [
                -0.9261879116903657,
                0.19778646497792962
            ],
            [
                0.046079360952619136,
                0.3589386695120611
            ],
            [
                -0.6550840418634335,
                0.38809263006851485
            ],
            [
                0.007696682718016163,
                0.31836455436941313
            ]
        ]
    }
}