{
    "filename": "case-e810f075.h5",
    "num_qubits": 8,
    "uuid": "e810f075-90a1-468b-8160-7f6c0fcd487b",
    "pauli_hamil": {
        "offset": -8.287578678310284,
        "normalization": 2.812550820814018,
        "coeffs": [
            0.35554913091688656
        ],
        "paulis": [
            [
                3,
                0,
                1,
                3,
                3,
                0,
                0,
                3
            ]
        ],
        "eigs": [
            -0.3555491309168865,
            -0.3555491309168865,
            -0.3555491309168865,
            -0.3555491309168865,
            -0.3555491309168865,
            -0.3555491309168865,
            -0.3555491309168865,
            -0.3555491309168865,
            -0.3555491309168865,
            -0.3555491309168865,
            -0.3555491309168865,
            -0.3555491309168865,
            -0.3555491309168865,
            -0.3555491309168865,
            -0.3555491309168865,
            -0.3555491309168865,
            -0.3555491309168865,
            -0.3555491309168865,
            -0.3555491309168865,
            -0.3555491309168865,
            -0.3555491309168865,
            -0.3555491309168865,
            -0.3555491309168865,
            -0.3555491309168865,
            -0.3555491309168865,
            -0.3555491309168865,
            -0.3555491309168865,
            -0.3555491309168865,
            -0.3555491309168865,
            -0.3555491309168865,
            -0.3555491309168865,
            -0.3555491309168865,
            -0.3555491309168865,
            -0.3555491309168865,
            -0.3555491309168865,
            -0.3555491309168865,
            -0.3555491309168865,
            -0.3555491309168865,
            -0.3555491309168865,
            -0.3555491309168865,
            -0.3555491309168865,
            -0.3555491309168865,
            -0.3555491309168865,
            -0.3555491309168865,
            -0.3555491309168865,
            -0.3555491309168865,
            -0.3555491309168865,
            -0.3555491309168865,
            -0.3555491309168865,
            -0.3555491309168865,
            -0.3555491309168865,
            -0.3555491309168865,
            -0.3555491309168865,
            -0.3555491309168865,
            -0.3555491309168865,
            -0.3555491309168865,
            -0.3555491309168865,
            -0.3555491309168865,
            -0.3555491309168865,
            -0.3555491309168865,
            -0.3555491309168865,
            -0.3555491309168865,
            -0.3555491309168865,
            -0.3555491309168865,
            -0.3555491309168865,
            -0.3555491309168865,
            -0.3555491309168865,
            -0.3555491309168865,
            -0.3555491309168865,
            -0.3555491309168865,
            -0.3555491309168865,
            -0.3555491309168865,
            -0.3555491309168865,
            -0.3555491309168865,
            -0.3555491309168865,
            -0.3555491309168865,
            -0.3555491309168865,
            -0.3555491309168865,
            -0.3555491309168865,
            -0.3555491309168865,
            -0.3555491309168865,
            -0.3555491309168865,
            -0.3555491309168865,
            -0.3555491309168865,
            -0.3555491309168865,
            -0.3555491309168865,
            -0.3555491309168865,
            -0.3555491309168865,
            -0.3555491309168865,
            -0.3555491309168865,
            -0.3555491309168865,
            -0.3555491309168865,
            -0.3555491309168865,
            -0.3555491309168865,
            -0.3555491309168865,
            -0.3555491309168865,
            -0.3555491309168865,
            -0.3555491309168865,
            -0.3555491309168865,
            -0.3555491309168865,
            -0.3555491309168865,
            -0.3555491309168865,
            -0.3555491309168865,
            -0.3555491309168865,
            -0.3555491309168865,
            -0.3555491309168865,
            -0.3555491309168865,
            -0.3555491309168865,
            -0.3555491309168865,
            -0.3555491309168865,
            -0.3555491309168865,
            -0.3555491309168865,
            -0.3555491309168865,
            -0.3555491309168865,
            -0.3555491309168865,
            -0.3555491309168865,
            -0.3555491309168865,
            -0.3555491309168865,
            -0.3555491309168865,
            -0.3555491309168865,
            -0.3555491309168865,
            -0.3555491309168865,
            -0.3555491309168865,
            -0.3555491309168865,
            -0.3555491309168865,
            -0.3555491309168865,
            -0.3555491309168865,
            -0.3555491309168865,
            0.35554913091688634,
            0.35554913091688634,
            0.35554913091688634,
            0.35554913091688634,
            0.35554913091688634,
            0.35554913091688634,
            0.35554913091688634,
            0.35554913091688634,
            0.35554913091688634,
            0.35554913091688634,
            0.35554913091688634,
            0.35554913091688634,
            0.35554913091688634,
            0.35554913091688634,
            0.35554913091688634,
            0.35554913091688634,
            0.35554913091688634,
            0.35554913091688634,
            0.35554913091688634,
            0.35554913091688634,
            0.35554913091688634,
            0.35554913091688634,
            0.35554913091688634,
            0.35554913091688634,
            0.35554913091688634,
            0.35554913091688634,
            0.35554913091688634,
            0.35554913091688634,
            0.35554913091688634,
            0.35554913091688634,
            0.35554913091688634,
            0.35554913091688634,
            0.35554913091688634,
            0.35554913091688634,
            0.35554913091688634,
            0.35554913091688634,
            0.35554913091688634,
            0.35554913091688634,
            0.35554913091688634,
            0.35554913091688634,
            0.35554913091688634,
            0.35554913091688634,
            0.35554913091688634,
            0.35554913091688634,
            0.35554913091688634,
            0.35554913091688634,
            0.35554913091688634,
            0.35554913091688634,
            0.35554913091688634,
            0.35554913091688634,
            0.35554913091688634,
            0.35554913091688634,
            0.35554913091688634,
            0.35554913091688634,
            0.35554913091688634,
            0.35554913091688634,
            0.35554913091688634,
            0.35554913091688634,
            0.35554913091688634,
            0.35554913091688634,
            0.35554913091688634,
            0.35554913091688634,
            0.35554913091688634,
            0.35554913091688634,
            0.35554913091688634,
            0.35554913091688634,
            0.35554913091688634,
            0.35554913091688634,
            0.35554913091688634,
            0.35554913091688634,
            0.35554913091688634,
            0.35554913091688634,
            0.35554913091688634,
            0.35554913091688634,
            0.35554913091688634,
            0.35554913091688634,
            0.35554913091688634,
            0.35554913091688634,
            0.35554913091688634,
            0.35554913091688634,
            0.35554913091688634,
            0.35554913091688634,
            0.35554913091688634,
            0.35554913091688634,
            0.35554913091688634,
            0.35554913091688634,
            0.35554913091688634,
            0.35554913091688634,
            0.35554913091688634,
            0.35554913091688634,
            0.35554913091688634,
            0.35554913091688634,
            0.35554913091688634,
            0.35554913091688634,
            0.35554913091688634,
            0.35554913091688634,
            0.35554913091688634,
            0.35554913091688634,
            0.35554913091688634,
