{
    "filename": "case-33427110.h5",
    "num_qubits": 2,
    "uuid": "33427110-fa1b-4565-be02-6dac619a5984",
    "pauli_hamil": {
        "offset": 1.6187605393608329,
        "normalization": 1.2942309008747614,
        "coeffs": [
            0.7726596539490034
        ],
        "paulis": [
            [
                1,
                2
            ]
        ],
        "eigs": [
            -0.7726596539490033,
            -0.7726596539490033,
            0.7726596539490029,
            0.7726596539490029
        ]
    },
    "multidet": {
        "coeffs": [
            [
                0.7863295970816588,
                0.6178072229695895
            ]
        ],
        "indices": [
            1
        ]
    },
    "time_series": {
        "times": [
            4.0,
            15.0,
            34.0,
            62.0,
            52.0,
            40.0
        ],
        "values": [
            [
                -0.653643620863612,
                0.0
            ],
            [
                -0.7596879128588214,
                0.0
            ],
            [
                -0.8485702747846068,
                5.551115123125783e-17
            ],
            [
                0.6735071623235862,
                0.0
            ],
            [
                -0.16299078079570584,
                0.0
            ],
            [
                -0.6669380616522598,
                -5.551115123125783e-17
            ]
        ]
    }
}