{
    "filename": "case-28aa2595.h5",
    "num_qubits": 6,
    "uuid": "28aa2595-7900-438d-a56b-781b6212aa95",
    "pauli_hamil": {
        "offset": 4.487320341356079,
        "normalization": 0.9382742125362775,
        "coeffs": [
            -0.136483404908758,
            -0.866470444580391,
            -0.0628326622139379
        ],
        "paulis": [
            [
                0,
                0,
                1,
                3,
                0,
                1
            ],
            [
                0,
                3,
                2,
                2,
                2,
                3
            ],
            [
                2,
                3,
                2,
                3,
                2,
                2
            ]
        ],
        "eigs": [
            -0.9399864407196412,
            -0.9399864407196412,
            -0.9399864407196412,
            -0.9399864407196411,
            -0.9399864407196411,
            -0.9399864407196407,
            -0.9399864407196402,
            -0.9399864407196401,
            -0.9399864407196398,
            -0.9399864407196397,
            -0.9399864407196395,
            -0.9399864407196393,
            -0.9399864407196392,
            -0.9399864407196389,
            -0.9399864407196388,
            -0.9399864407196384,
            -0.8143211162917656,
            -0.8143211162917647,
            -0.8143211162917645,
            -0.8143211162917644,
            -0.8143211162917644,
            -0.8143211162917643,
            -0.814321116291764,
            -0.8143211162917636,
            -0.8143211162917635,
            -0.8143211162917635,
            -0.8143211162917634,
            -0.8143211162917634,
            -0.8143211162917633,
            -0.8143211162917628,
            -0.8143211162917627,
            -0.8143211162917626,
            0.8143211162917624,
            0.8143211162917626,
            0.814321116291763,
            0.8143211162917632,
            0.8143211162917632,
            0.8143211162917633,
            0.8143211162917634,
            0.8143211162917635,
            0.8143211162917637,
            0.8143211162917637,
            0.8143211162917637,
            0.814321116291764,
            0.8143211162917645,
            0.8143211162917658,
            0.8143211162917662,
            0.8143211162917666,
            0.9399864407196371,
            0.9399864407196378,
            0.9399864407196381,
            0.9399864407196384,
            0.9399864407196391,
            0.9399864407196392,
            0.9399864407196399,
            0.93998644071964,
            0.9399864407196401,
            0.9399864407196405,
            0.9399864407196407,
            0.9399864407196409,
            0.939986440719641,
            0.9399864407196412,
            0.9399864407196414,
            0.9399864407196423
        ]
    },
    "multidet": {
        "coeffs": [
            [
                0.2639789778741642,
                0.12105231081557338
            ],
            [
                0.4970726347174387,
                0.1417099754959281
            ],
            [
                0.2138005269487822,
                0.5044778564463043
            ],
            [
                0.48847279835062296,
                0.33118615346962416
            ]
        ],
        "indices": [
            10,
            43,
            37,
            38
        ]
    },
    "time_series": {
        "times": [
            56.0,
            38.0
        ],
        "values": [
            [
                0.5037742779338437,
                0.0
            ],
            [
                -0.6143634597111493,
                0.0
            ]
        ]
    }
}