{
    "filename": "case-e1932ef1.h5",
    "num_qubits": 7,
    "uuid": "e1932ef1-9e56-48bb-adbc-19f5eec84779",
    "pauli_hamil": {
        "offset": -8.001459913981176,
        "normalization": 0.44240637628649393,
        "coeffs": [
            -0.3450254100547785,
            0.7828522001975398,
            -0.1892603233681196,
            0.200648282173721,
            -0.742579035705786
        ],
        "paulis": [
            [
                3,
                1,
                1,
                3,
                0,
                0,
                2
            ],
            [
                0,
                2,
                0,
                0,
                1,
                1,
                1
            ],
            [
                0,
                1,
                0,
                1,
                0,
                3,
                2
            ],
            [
                2,
                1,
                2,
                3,
                0,
                0,
                0
            ],
            [
                2,
                3,
                2,
                1,
                0,
                1,
                1
            ]
        ],
        "eigs": [
            -1.4112749082863578,
            -1.4112749082863572,
            -1.4112749082863572,
            -1.4112749082863565,
            -1.4112749082863565,
            -1.4112749082863565,
            -1.4112749082863563,
            -1.411274908286356,
            -1.411274908286356,
            -1.4112749082863558,
            -1.4112749082863556,
            -1.4112749082863556,
            -1.4112749082863554,
            -1.4112749082863554,
            -1.4112749082863554,
            -1.4112749082863552,
            -1.4112749082863552,
            -1.4112749082863552,
            -1.411274908286355,
            -1.411274908286355,
            -1.4112749082863545,
            -1.4112749082863545,
            -1.4112749082863543,
            -1.4112749082863543,
            -1.4112749082863543,
            -1.411274908286354,
            -1.411274908286354,
            -1.411274908286354,
            -1.4112749082863536,
            -1.4112749082863534,
            -1.4112749082863534,
            -1.411274908286352,
            -0.8527068604962379,
            -0.8527068604962372,
            -0.852706860496237,
            -0.8527068604962368,
            -0.8527068604962366,
            -0.8527068604962365,
            -0.8527068604962362,
            -0.8527068604962362,
            -0.8527068604962362,
            -0.8527068604962361,
            -0.8527068604962359,
            -0.8527068604962359,
            -0.8527068604962359,
            -0.8527068604962358,
            -0.8527068604962358,
            -0.8527068604962358,
            -0.8527068604962358,
            -0.8527068604962356,
            -0.8527068604962356,
            -0.8527068604962356,
            -0.8527068604962353,
            -0.8527068604962352,
            -0.8527068604962352,
            -0.8527068604962352,
            -0.8527068604962352,
            -0.8527068604962351,
            -0.852706860496235,
            -0.852706860496235,
            -0.8527068604962349,
            -0.8527068604962347,
            -0.8527068604962343,
            -0.8527068604962339,
            0.8527068604962337,
            0.8527068604962338,
            0.852706860496234,
            0.852706860496234,
            0.8527068604962341,
            0.8527068604962345,
            0.8527068604962347,
            0.8527068604962348,
            0.8527068604962349,
            0.8527068604962349,
            0.852706860496235,
            0.852706860496235,
            0.8527068604962351,
            0.8527068604962351,
            0.8527068604962352,
            0.8527068604962352,
            0.8527068604962352,
            0.8527068604962355,
            0.8527068604962355,
            0.8527068604962355,
            0.8527068604962355,
            0.8527068604962358,
            0.8527068604962358,
            0.8527068604962358,
            0.852706860496236,
            0.852706860496236,
            0.852706860496236,
            0.8527068604962361,
            0.8527068604962363,
            0.8527068604962368,
            0.8527068604962369,
            0.8527068604962382,
            1.4112749082863525,
            1.411274908286353,
            1.4112749082863532,
            1.4112749082863532,
            1.4112749082863536,
            1.4112749082863538,
            1.4112749082863543,
            1.4112749082863543,
            1.4112749082863543,
            1.4112749082863545,
            1.4112749082863545,
            1.4112749082863547,
            1.4112749082863547,
            1.411274908286355,
            1.4112749082863552,
            1.4112749082863552,
            1.4112749082863552,
            1.4112749082863552,
            1.4112749082863552,
            1.4112749082863552,
            1.4112749082863554,
            1.4112749082863558,
            1.4112749082863558,
            1.4112749082863563,
            1.4112749082863563,
            1.4112749082863565,
            1.4112749082863565,
            1.4112749082863572,
            1.4112749082863572,
            1.4112749082863572,
            1.4112749082863574,
            1.4112749082863576
        ]
    },
    "multidet": {
        "coeffs": [
            [
                0.20402552336743038,
                0.34843618705812074
            ],
            [
                0.15597556348865632,
                0.31340269456740066
            ],
            [
                0.24088949620121852,
                0.07717980449025133
            ],
            [
                0.33030743595399087,
                0.26566156917678746
            ],
            [
                0.3285691886795313,
                0.07798704642631701
            ],
            [
                0.05265950217935845,
                0.024602114119234145
            ],
            [
                0.08879298212957693,
                0.29633685007690735
            ],
            [
                0.06345612617625256,
                0.08156703735358016
            ],
            [
                0.2811152768701457,
                0.30535925392546
            ],
            [
                0.10111458474015739,
                0.21671091112541574
            ],
            [
                0.08292174637387002,
                0.1030592617047094
            ]
        ],
        "indices": [
            33,
            9,
            12,
            13,
            109,
            14,
            111,
            53,
            25,
            28,
            95
        ]
    },
    "time_series": {
        "times": [
            55.0,
            50.0,
            18.0
        ],
        "values": [
            [
                -0.6534726670911822,
                0.002129984419286135
            ],
            [
                0.9900584582250419,
                0.0018053521447161658
            ],
            [
                0.5532112100251321,
                0.010719121349909794
            ]
        ]
    }
}